/****************************************************************************
** Resource object code
**
** Created by: The Resource Compiler for Qt version 6.9.2
**
** WARNING! All changes made in this file will be lost!
*****************************************************************************/

#ifdef _MSC_VER
// disable informational message "function ... selected for automatic inline expansion"
#pragma warning (disable: 4711)
#endif

static const unsigned char qt_resource_data[] = {
  // file.svg
  0x0,0x0,0x2,0x3b,
  0x3c,
  0x3f,0x78,0x6d,0x6c,0x20,0x76,0x65,0x72,0x73,0x69,0x6f,0x6e,0x3d,0x22,0x31,0x2e,
  0x30,0x22,0x20,0x73,0x74,0x61,0x6e,0x64,0x61,0x6c,0x6f,0x6e,0x65,0x3d,0x22,0x6e,
  0x6f,0x22,0x3f,0x3e,0x3c,0x21,0x44,0x4f,0x43,0x54,0x59,0x50,0x45,0x20,0x73,0x76,
  0x67,0x20,0x50,0x55,0x42,0x4c,0x49,0x43,0x20,0x22,0x2d,0x2f,0x2f,0x57,0x33,0x43,
  0x2f,0x2f,0x44,0x54,0x44,0x20,0x53,0x56,0x47,0x20,0x31,0x2e,0x31,0x2f,0x2f,0x45,
  0x4e,0x22,0x20,0x22,0x68,0x74,0x74,0x70,0x3a,0x2f,0x2f,0x77,0x77,0x77,0x2e,0x77,
  0x33,0x2e,0x6f,0x72,0x67,0x2f,0x47,0x72,0x61,0x70,0x68,0x69,0x63,0x73,0x2f,0x53,
  0x56,0x47,0x2f,0x31,0x2e,0x31,0x2f,0x44,0x54,0x44,0x2f,0x73,0x76,0x67,0x31,0x31,
  0x2e,0x64,0x74,0x64,0x22,0x3e,0x3c,0x73,0x76,0x67,0x20,0x74,0x3d,0x22,0x31,0x37,
  0x36,0x30,0x36,0x31,0x39,0x39,0x39,0x37,0x39,0x36,0x32,0x22,0x20,0x63,0x6c,0x61,
  0x73,0x73,0x3d,0x22,0x69,0x63,0x6f,0x6e,0x22,0x20,0x76,0x69,0x65,0x77,0x42,0x6f,
  0x78,0x3d,0x22,0x30,0x20,0x30,0x20,0x31,0x30,0x32,0x34,0x20,0x31,0x30,0x32,0x34,
  0x22,0x20,0x76,0x65,0x72,0x73,0x69,0x6f,0x6e,0x3d,0x22,0x31,0x2e,0x31,0x22,0x20,
  0x78,0x6d,0x6c,0x6e,0x73,0x3d,0x22,0x68,0x74,0x74,0x70,0x3a,0x2f,0x2f,0x77,0x77,
  0x77,0x2e,0x77,0x33,0x2e,0x6f,0x72,0x67,0x2f,0x32,0x30,0x30,0x30,0x2f,0x73,0x76,
  0x67,0x22,0x20,0x70,0x2d,0x69,0x64,0x3d,0x22,0x33,0x34,0x34,0x39,0x22,0x20,0x78,
  0x6d,0x6c,0x6e,0x73,0x3a,0x78,0x6c,0x69,0x6e,0x6b,0x3d,0x22,0x68,0x74,0x74,0x70,
  0x3a,0x2f,0x2f,0x77,0x77,0x77,0x2e,0x77,0x33,0x2e,0x6f,0x72,0x67,0x2f,0x31,0x39,
  0x39,0x39,0x2f,0x78,0x6c,0x69,0x6e,0x6b,0x22,0x20,0x77,0x69,0x64,0x74,0x68,0x3d,
  0x22,0x32,0x30,0x30,0x22,0x20,0x68,0x65,0x69,0x67,0x68,0x74,0x3d,0x22,0x32,0x30,
  0x30,0x22,0x3e,0x3c,0x70,0x61,0x74,0x68,0x20,0x64,0x3d,0x22,0x4d,0x38,0x39,0x36,
  0x20,0x35,0x35,0x34,0x2e,0x36,0x36,0x36,0x36,0x36,0x37,0x68,0x2d,0x34,0x32,0x2e,
  0x36,0x36,0x36,0x36,0x36,0x37,0x76,0x32,0x39,0x38,0x2e,0x36,0x36,0x36,0x36,0x36,
  0x36,0x48,0x31,0x37,0x30,0x2e,0x36,0x36,0x36,0x36,0x36,0x37,0x76,0x2d,0x32,0x39,
  0x38,0x2e,0x36,0x36,0x36,0x36,0x36,0x36,0x48,0x31,0x32,0x38,0x6c,0x33,0x38,0x34,
  0x2d,0x33,0x38,0x34,0x20,0x33,0x38,0x34,0x20,0x33,0x38,0x34,0x7a,0x20,0x6d,0x2d,
  0x36,0x34,0x30,0x2d,0x38,0x2e,0x35,0x33,0x33,0x33,0x33,0x34,0x56,0x37,0x36,0x38,
  0x68,0x35,0x31,0x32,0x76,0x2d,0x32,0x32,0x31,0x2e,0x38,0x36,0x36,0x36,0x36,0x37,
  0x6c,0x2d,0x32,0x35,0x36,0x2d,0x32,0x35,0x36,0x2d,0x32,0x35,0x36,0x20,0x32,0x35,
  0x36,0x7a,0x20,0x6d,0x31,0x37,0x34,0x2e,0x39,0x33,0x33,0x33,0x33,0x33,0x2d,0x37,
  0x36,0x2e,0x38,0x68,0x31,0x37,0x30,0x2e,0x36,0x36,0x36,0x36,0x36,0x37,0x76,0x38,
  0x35,0x2e,0x33,0x33,0x33,0x33,0x33,0x34,0x68,0x2d,0x31,0x37,0x30,0x2e,0x36,0x36,
  0x36,0x36,0x36,0x37,0x76,0x2d,0x38,0x35,0x2e,0x33,0x33,0x33,0x33,0x33,0x34,0x7a,
  0x22,0x20,0x66,0x69,0x6c,0x6c,0x3d,0x22,0x23,0x34,0x34,0x34,0x34,0x34,0x34,0x22,
  0x20,0x70,0x2d,0x69,0x64,0x3d,0x22,0x33,0x34,0x35,0x30,0x22,0x3e,0x3c,0x2f,0x70,
  0x61,0x74,0x68,0x3e,0x3c,0x2f,0x73,0x76,0x67,0x3e,
    // friend.svg
  0x0,0x0,0xa,0xe,
  0x3c,
  0x3f,0x78,0x6d,0x6c,0x20,0x76,0x65,0x72,0x73,0x69,0x6f,0x6e,0x3d,0x22,0x31,0x2e,
  0x30,0x22,0x20,0x73,0x74,0x61,0x6e,0x64,0x61,0x6c,0x6f,0x6e,0x65,0x3d,0x22,0x6e,
  0x6f,0x22,0x3f,0x3e,0x3c,0x21,0x44,0x4f,0x43,0x54,0x59,0x50,0x45,0x20,0x73,0x76,
  0x67,0x20,0x50,0x55,0x42,0x4c,0x49,0x43,0x20,0x22,0x2d,0x2f,0x2f,0x57,0x33,0x43,
  0x2f,0x2f,0x44,0x54,0x44,0x20,0x53,0x56,0x47,0x20,0x31,0x2e,0x31,0x2f,0x2f,0x45,
  0x4e,0x22,0x20,0x22,0x68,0x74,0x74,0x70,0x3a,0x2f,0x2f,0x77,0x77,0x77,0x2e,0x77,
  0x33,0x2e,0x6f,0x72,0x67,0x2f,0x47,0x72,0x61,0x70,0x68,0x69,0x63,0x73,0x2f,0x53,
  0x56,0x47,0x2f,0x31,0x2e,0x31,0x2f,0x44,0x54,0x44,0x2f,0x73,0x76,0x67,0x31,0x31,
  0x2e,0x64,0x74,0x64,0x22,0x3e,0x3c,0x73,0x76,0x67,0x20,0x74,0x3d,0x22,0x31,0x37,
  0x36,0x30,0x36,0x31,0x39,0x39,0x34,0x35,0x33,0x32,0x38,0x22,0x20,0x63,0x6c,0x61,
  0x73,0x73,0x3d,0x22,0x69,0x63,0x6f,0x6e,0x22,0x20,0x76,0x69,0x65,0x77,0x42,0x6f,
  0x78,0x3d,0x22,0x30,0x20,0x30,0x20,0x31,0x30,0x32,0x34,0x20,0x31,0x30,0x32,0x34,
  0x22,0x20,0x76,0x65,0x72,0x73,0x69,0x6f,0x6e,0x3d,0x22,0x31,0x2e,0x31,0x22,0x20,
  0x78,0x6d,0x6c,0x6e,0x73,0x3d,0x22,0x68,0x74,0x74,0x70,0x3a,0x2f,0x2f,0x77,0x77,
  0x77,0x2e,0x77,0x33,0x2e,0x6f,0x72,0x67,0x2f,0x32,0x30,0x30,0x30,0x2f,0x73,0x76,
  0x67,0x22,0x20,0x70,0x2d,0x69,0x64,0x3d,0x22,0x31,0x34,0x35,0x39,0x22,0x20,0x78,
  0x6d,0x6c,0x6e,0x73,0x3a,0x78,0x6c,0x69,0x6e,0x6b,0x3d,0x22,0x68,0x74,0x74,0x70,
  0x3a,0x2f,0x2f,0x77,0x77,0x77,0x2e,0x77,0x33,0x2e,0x6f,0x72,0x67,0x2f,0x31,0x39,
  0x39,0x39,0x2f,0x78,0x6c,0x69,0x6e,0x6b,0x22,0x20,0x77,0x69,0x64,0x74,0x68,0x3d,
  0x22,0x32,0x30,0x30,0x22,0x20,0x68,0x65,0x69,0x67,0x68,0x74,0x3d,0x22,0x32,0x30,
  0x30,0x22,0x3e,0x3c,0x70,0x61,0x74,0x68,0x20,0x64,0x3d,0x22,0x4d,0x34,0x30,0x35,
  0x2e,0x32,0x30,0x35,0x33,0x33,0x33,0x20,0x37,0x31,0x2e,0x37,0x36,0x35,0x33,0x33,
  0x33,0x63,0x31,0x33,0x37,0x2e,0x35,0x35,0x37,0x33,0x33,0x33,0x20,0x30,0x20,0x32,
  0x35,0x31,0x2e,0x35,0x32,0x20,0x31,0x30,0x39,0x2e,0x30,0x35,0x36,0x20,0x32,0x35,
  0x31,0x2e,0x35,0x32,0x20,0x32,0x34,0x35,0x2e,0x35,0x30,0x34,0x20,0x30,0x20,0x37,
  0x36,0x2e,0x37,0x35,0x37,0x33,0x33,0x33,0x2d,0x33,0x35,0x2e,0x38,0x34,0x20,0x31,
  0x34,0x34,0x2e,0x35,0x31,0x32,0x2d,0x39,0x31,0x2e,0x34,0x33,0x34,0x36,0x36,0x36,
  0x20,0x31,0x38,0x39,0x2e,0x32,0x36,0x39,0x33,0x33,0x34,0x20,0x39,0x30,0x2e,0x37,
  0x35,0x32,0x20,0x33,0x39,0x2e,0x38,0x35,0x30,0x36,0x36,0x37,0x20,0x31,0x33,0x39,
  0x2e,0x38,0x31,0x38,0x36,0x36,0x37,0x20,0x31,0x33,0x30,0x2e,0x31,0x37,0x36,0x20,
  0x31,0x36,0x36,0x2e,0x31,0x30,0x31,0x33,0x33,0x33,0x20,0x32,0x30,0x33,0x2e,0x36,
  0x34,0x38,0x61,0x36,0x38,0x39,0x2e,0x33,0x32,0x32,0x36,0x36,0x37,0x20,0x36,0x38,
  0x39,0x2e,0x33,0x32,0x32,0x36,0x36,0x37,0x20,0x30,0x20,0x30,0x20,0x31,0x20,0x33,
  0x35,0x2e,0x35,0x34,0x31,0x33,0x33,0x33,0x20,0x31,0x35,0x37,0x2e,0x30,0x35,0x36,
  0x6c,0x30,0x2e,0x32,0x35,0x36,0x20,0x32,0x2e,0x39,0x30,0x31,0x33,0x33,0x33,0x20,
  0x30,0x2e,0x30,0x38,0x35,0x33,0x33,0x34,0x20,0x30,0x2e,0x38,0x35,0x33,0x33,0x33,
  0x33,0x20,0x30,0x2e,0x30,0x34,0x32,0x36,0x36,0x36,0x20,0x30,0x2e,0x32,0x31,0x33,
  0x33,0x33,0x34,0x76,0x30,0x2e,0x31,0x32,0x38,0x6c,0x2d,0x34,0x32,0x2e,0x35,0x33,
  0x38,0x36,0x36,0x36,0x20,0x33,0x2e,0x32,0x38,0x35,0x33,0x33,0x33,0x20,0x34,0x32,
  0x2e,0x35,0x33,0x38,0x36,0x36,0x36,0x2d,0x33,0x2e,0x32,0x34,0x32,0x36,0x36,0x37,
  0x61,0x34,0x32,0x2e,0x37,0x30,0x39,0x33,0x33,0x33,0x20,0x34,0x32,0x2e,0x37,0x30,
  0x39,0x33,0x33,0x33,0x20,0x30,0x20,0x30,0x20,0x31,0x2d,0x34,0x32,0x2e,0x34,0x35,
  0x33,0x33,0x33,0x33,0x20,0x34,0x35,0x2e,0x39,0x30,0x39,0x33,0x33,0x34,0x6c,0x2d,
  0x36,0x34,0x38,0x2e,0x38,0x37,0x34,0x36,0x36,0x37,0x20,0x31,0x2e,0x31,0x30,0x39,
  0x33,0x33,0x33,0x61,0x34,0x32,0x2e,0x37,0x35,0x32,0x20,0x34,0x32,0x2e,0x37,0x35,
  0x32,0x20,0x30,0x20,0x30,0x20,0x31,0x2d,0x34,0x32,0x2e,0x36,0x36,0x36,0x36,0x36,
  0x36,0x2d,0x34,0x35,0x2e,0x33,0x39,0x37,0x33,0x33,0x33,0x63,0x31,0x30,0x2e,0x37,
  0x35,0x32,0x2d,0x31,0x36,0x36,0x2e,0x31,0x34,0x34,0x20,0x37,0x35,0x2e,0x33,0x39,
  0x32,0x2d,0x32,0x37,0x39,0x2e,0x36,0x38,0x20,0x31,0x37,0x32,0x2e,0x37,0x35,0x37,
  0x33,0x33,0x33,0x2d,0x33,0x34,0x31,0x2e,0x37,0x36,0x20,0x31,0x33,0x2e,0x35,0x32,
  0x35,0x33,0x33,0x33,0x2d,0x38,0x2e,0x36,0x31,0x38,0x36,0x36,0x37,0x20,0x32,0x37,
  0x2e,0x35,0x32,0x2d,0x31,0x36,0x2e,0x31,0x32,0x38,0x20,0x34,0x31,0x2e,0x38,0x39,
  0x38,0x36,0x36,0x37,0x2d,0x32,0x32,0x2e,0x36,0x31,0x33,0x33,0x33,0x34,0x43,0x31,
  0x39,0x30,0x2e,0x37,0x32,0x20,0x34,0x36,0x33,0x2e,0x37,0x38,0x36,0x36,0x36,0x37,
  0x20,0x31,0x35,0x33,0x2e,0x36,0x20,0x33,0x39,0x34,0x2e,0x39,0x36,0x35,0x33,0x33,
  0x33,0x20,0x31,0x35,0x33,0x2e,0x36,0x20,0x33,0x31,0x37,0x2e,0x32,0x36,0x39,0x33,
  0x33,0x33,0x63,0x30,0x2d,0x31,0x33,0x36,0x2e,0x39,0x36,0x20,0x31,0x31,0x33,0x2e,
  0x34,0x39,0x33,0x33,0x33,0x33,0x2d,0x32,0x34,0x35,0x2e,0x35,0x30,0x34,0x20,0x32,
  0x35,0x31,0x2e,0x36,0x30,0x35,0x33,0x33,0x33,0x2d,0x32,0x34,0x35,0x2e,0x35,0x30,
  0x34,0x7a,0x20,0x6d,0x32,0x38,0x33,0x2e,0x33,0x30,0x36,0x36,0x36,0x37,0x20,0x35,
  0x37,0x2e,0x38,0x39,0x38,0x36,0x36,0x37,0x61,0x34,0x32,0x2e,0x36,0x36,0x36,0x36,
  0x36,0x37,0x20,0x34,0x32,0x2e,0x36,0x36,0x36,0x36,0x36,0x37,0x20,0x30,0x20,0x30,
  0x20,0x31,0x20,0x35,0x38,0x2e,0x36,0x36,0x36,0x36,0x36,0x37,0x2d,0x31,0x33,0x2e,
  0x38,0x36,0x36,0x36,0x36,0x37,0x63,0x37,0x37,0x2e,0x34,0x34,0x20,0x34,0x37,0x2e,
  0x38,0x32,0x39,0x33,0x33,0x33,0x20,0x31,0x30,0x32,0x2e,0x37,0x38,0x34,0x20,0x31,
  0x32,0x38,0x2e,0x30,0x38,0x35,0x33,0x33,0x33,0x20,0x31,0x30,0x30,0x2e,0x37,0x37,
  0x38,0x36,0x36,0x36,0x20,0x32,0x30,0x30,0x2e,0x32,0x33,0x34,0x36,0x36,0x37,0x2d,
  0x31,0x2e,0x34,0x35,0x30,0x36,0x36,0x37,0x20,0x35,0x31,0x2e,0x37,0x35,0x34,0x36,
  0x36,0x37,0x2d,0x31,0x36,0x2e,0x39,0x33,0x38,0x36,0x36,0x37,0x20,0x31,0x30,0x34,
  0x2e,0x31,0x30,0x36,0x36,0x36,0x37,0x2d,0x34,0x31,0x2e,0x33,0x38,0x36,0x36,0x36,
  0x36,0x20,0x31,0x34,0x34,0x2e,0x36,0x34,0x20,0x32,0x32,0x2e,0x37,0x38,0x34,0x20,
  0x32,0x30,0x2e,0x33,0x39,0x34,0x36,0x36,0x37,0x20,0x34,0x32,0x2e,0x37,0x39,0x34,
  0x36,0x36,0x37,0x20,0x34,0x35,0x2e,0x31,0x34,0x31,0x33,0x33,0x33,0x20,0x35,0x39,
  0x2e,0x39,0x34,0x36,0x36,0x36,0x36,0x20,0x37,0x30,0x2e,0x36,0x39,0x38,0x36,0x36,
  0x37,0x20,0x32,0x36,0x2e,0x37,0x35,0x32,0x20,0x33,0x39,0x2e,0x38,0x35,0x30,0x36,
  0x36,0x37,0x20,0x34,0x39,0x2e,0x31,0x39,0x34,0x36,0x36,0x37,0x20,0x38,0x34,0x2e,
  0x39,0x39,0x32,0x20,0x36,0x37,0x2e,0x30,0x37,0x32,0x20,0x31,0x32,0x36,0x2e,0x37,
  0x32,0x61,0x31,0x32,0x38,0x37,0x2e,0x34,0x36,0x36,0x36,0x36,0x37,0x20,0x31,0x32,
  0x38,0x37,0x2e,0x34,0x36,0x36,0x36,0x36,0x37,0x20,0x30,0x20,0x30,0x20,0x31,0x20,
  0x35,0x31,0x2e,0x38,0x34,0x20,0x31,0x34,0x34,0x2e,0x38,0x39,0x36,0x63,0x31,0x2e,
  0x32,0x33,0x37,0x33,0x33,0x33,0x20,0x34,0x2e,0x31,0x38,0x31,0x33,0x33,0x33,0x20,
  0x32,0x2e,0x31,0x33,0x33,0x33,0x33,0x33,0x20,0x37,0x2e,0x34,0x36,0x36,0x36,0x36,
  0x37,0x20,0x32,0x2e,0x37,0x37,0x33,0x33,0x33,0x34,0x20,0x39,0x2e,0x37,0x37,0x30,
  0x36,0x36,0x36,0x6c,0x30,0x2e,0x37,0x32,0x35,0x33,0x33,0x33,0x20,0x32,0x2e,0x36,
  0x34,0x35,0x33,0x33,0x34,0x20,0x30,0x2e,0x32,0x31,0x33,0x33,0x33,0x33,0x20,0x30,
  0x2e,0x37,0x32,0x35,0x33,0x33,0x33,0x20,0x30,0x2e,0x30,0x34,0x32,0x36,0x36,0x37,
  0x20,0x30,0x2e,0x32,0x31,0x33,0x33,0x33,0x33,0x76,0x30,0x2e,0x30,0x38,0x35,0x33,
  0x33,0x34,0x68,0x30,0x2e,0x30,0x34,0x32,0x36,0x36,0x37,0x61,0x34,0x32,0x2e,0x36,
  0x36,0x36,0x36,0x36,0x37,0x20,0x34,0x32,0x2e,0x36,0x36,0x36,0x36,0x36,0x37,0x20,
  0x30,0x20,0x30,0x20,0x31,0x2d,0x38,0x31,0x2e,0x31,0x39,0x34,0x36,0x36,0x37,0x20,
  0x32,0x35,0x2e,0x39,0x34,0x31,0x33,0x33,0x33,0x6c,0x2d,0x31,0x2e,0x33,0x32,0x32,
  0x36,0x36,0x37,0x2d,0x34,0x2e,0x31,0x38,0x31,0x33,0x33,0x33,0x76,0x2d,0x30,0x2e,
  0x30,0x34,0x32,0x36,0x36,0x37,0x6c,0x2d,0x30,0x2e,0x31,0x37,0x30,0x36,0x36,0x36,
  0x2d,0x30,0x2e,0x35,0x31,0x32,0x2d,0x30,0x2e,0x35,0x39,0x37,0x33,0x33,0x34,0x2d,
  0x32,0x2e,0x31,0x33,0x33,0x33,0x33,0x33,0x61,0x31,0x31,0x31,0x30,0x2e,0x31,0x38,
  0x36,0x36,0x36,0x37,0x20,0x31,0x31,0x31,0x30,0x2e,0x31,0x38,0x36,0x36,0x36,0x37,
  0x20,0x30,0x20,0x30,0x20,0x30,0x2d,0x31,0x32,0x2e,0x33,0x37,0x33,0x33,0x33,0x33,
  0x2d,0x34,0x30,0x2e,0x39,0x36,0x63,0x2d,0x38,0x2e,0x37,0x38,0x39,0x33,0x33,0x33,
  0x2d,0x32,0x37,0x2e,0x31,0x37,0x38,0x36,0x36,0x37,0x2d,0x32,0x31,0x2e,0x37,0x36,
  0x2d,0x36,0x34,0x2d,0x33,0x38,0x2e,0x34,0x2d,0x31,0x30,0x32,0x2e,0x38,0x32,0x36,
  0x36,0x36,0x37,0x2d,0x31,0x36,0x2e,0x36,0x38,0x32,0x36,0x36,0x37,0x2d,0x33,0x38,
  0x2e,0x38,0x36,0x39,0x33,0x33,0x33,0x2d,0x33,0x36,0x2e,0x36,0x39,0x33,0x33,0x33,
  0x33,0x2d,0x37,0x38,0x2e,0x38,0x34,0x38,0x2d,0x35,0x39,0x2e,0x34,0x37,0x37,0x33,
  0x33,0x33,0x2d,0x31,0x31,0x32,0x2e,0x37,0x36,0x38,0x2d,0x32,0x33,0x2e,0x31,0x36,
  0x38,0x2d,0x33,0x34,0x2e,0x34,0x37,0x34,0x36,0x36,0x37,0x2d,0x34,0x36,0x2e,0x39,
  0x33,0x33,0x33,0x33,0x33,0x2d,0x35,0x39,0x2e,0x34,0x37,0x37,0x33,0x33,0x33,0x2d,
  0x36,0x39,0x2e,0x39,0x37,0x33,0x33,0x33,0x34,0x2d,0x37,0x32,0x2e,0x34,0x39,0x30,
  0x36,0x36,0x37,0x61,0x34,0x32,0x2e,0x36,0x36,0x36,0x36,0x36,0x37,0x20,0x34,0x32,
  0x2e,0x36,0x36,0x36,0x36,0x36,0x37,0x20,0x30,0x20,0x30,0x20,0x31,0x2d,0x39,0x2e,
  0x32,0x31,0x36,0x2d,0x36,0x37,0x2e,0x33,0x32,0x38,0x63,0x32,0x32,0x2e,0x37,0x38,
  0x34,0x2d,0x32,0x32,0x2e,0x38,0x32,0x36,0x36,0x36,0x37,0x20,0x34,0x34,0x2e,0x36,
  0x37,0x32,0x2d,0x37,0x32,0x2e,0x31,0x34,0x39,0x33,0x33,0x33,0x20,0x34,0x36,0x2e,
  0x31,0x36,0x35,0x33,0x33,0x34,0x2d,0x31,0x32,0x35,0x2e,0x34,0x34,0x20,0x31,0x2e,
  0x34,0x30,0x38,0x2d,0x35,0x31,0x2e,0x36,0x32,0x36,0x36,0x36,0x37,0x2d,0x31,0x36,
  0x2e,0x32,0x31,0x33,0x33,0x33,0x33,0x2d,0x39,0x38,0x2e,0x30,0x34,0x38,0x2d,0x36,
  0x30,0x2e,0x32,0x38,0x38,0x2d,0x31,0x32,0x35,0x2e,0x33,0x31,0x32,0x61,0x34,0x32,
  0x2e,0x36,0x36,0x36,0x36,0x36,0x37,0x20,0x34,0x32,0x2e,0x36,0x36,0x36,0x36,0x36,
  0x37,0x20,0x30,0x20,0x30,0x20,0x31,0x2d,0x31,0x33,0x2e,0x39,0x30,0x39,0x33,0x33,
  0x34,0x2d,0x35,0x38,0x2e,0x37,0x30,0x39,0x33,0x33,0x33,0x7a,0x4d,0x33,0x39,0x31,
  0x2e,0x39,0x37,0x38,0x36,0x36,0x37,0x20,0x35,0x36,0x32,0x2e,0x33,0x34,0x36,0x36,
  0x36,0x37,0x63,0x2d,0x35,0x31,0x2e,0x36,0x32,0x36,0x36,0x36,0x37,0x20,0x31,0x2e,
  0x37,0x30,0x36,0x36,0x36,0x37,0x2d,0x39,0x39,0x2e,0x36,0x36,0x39,0x33,0x33,0x33,
  0x20,0x31,0x35,0x2e,0x31,0x34,0x36,0x36,0x36,0x37,0x2d,0x31,0x34,0x30,0x2e,0x30,
  0x37,0x34,0x36,0x36,0x37,0x20,0x34,0x30,0x2e,0x39,0x31,0x37,0x33,0x33,0x33,0x2d,
  0x36,0x31,0x2e,0x35,0x32,0x35,0x33,0x33,0x33,0x20,0x33,0x39,0x2e,0x32,0x35,0x33,
  0x33,0x33,0x33,0x2d,0x31,0x31,0x31,0x2e,0x37,0x38,0x36,0x36,0x36,0x37,0x20,0x31,
  0x31,0x31,0x2e,0x31,0x38,0x39,0x33,0x33,0x33,0x2d,0x31,0x32,0x38,0x2e,0x37,0x32,
  0x35,0x33,0x33,0x33,0x20,0x32,0x32,0x39,0x2e,0x37,0x36,0x6c,0x35,0x35,0x32,0x2e,
  0x34,0x34,0x38,0x2d,0x30,0x2e,0x39,0x33,0x38,0x36,0x36,0x37,0x63,0x2d,0x34,0x2e,
  0x36,0x39,0x33,0x33,0x33,0x33,0x2d,0x32,0x35,0x2e,0x36,0x2d,0x31,0x32,0x2e,0x33,
  0x37,0x33,0x33,0x33,0x33,0x2d,0x35,0x38,0x2e,0x38,0x38,0x2d,0x32,0x34,0x2e,0x36,
  0x31,0x38,0x36,0x36,0x37,0x2d,0x39,0x33,0x2e,0x30,0x39,0x38,0x36,0x36,0x36,0x2d,
  0x32,0x36,0x2e,0x38,0x38,0x2d,0x37,0x34,0x2e,0x39,0x36,0x35,0x33,0x33,0x33,0x2d,
  0x37,0x30,0x2e,0x37,0x34,0x31,0x33,0x33,0x33,0x2d,0x31,0x34,0x31,0x2e,0x39,0x30,
  0x39,0x33,0x33,0x33,0x2d,0x31,0x33,0x39,0x2e,0x38,0x36,0x31,0x33,0x33,0x33,0x2d,
  0x31,0x36,0x31,0x2e,0x33,0x36,0x35,0x33,0x33,0x34,0x61,0x34,0x30,0x37,0x2e,0x35,
  0x35,0x32,0x20,0x34,0x30,0x37,0x2e,0x35,0x35,0x32,0x20,0x30,0x20,0x30,0x20,0x30,
  0x2d,0x39,0x34,0x2e,0x38,0x39,0x30,0x36,0x36,0x37,0x2d,0x31,0x35,0x2e,0x31,0x34,
  0x36,0x36,0x36,0x36,0x20,0x32,0x35,0x39,0x2e,0x30,0x37,0x32,0x20,0x32,0x35,0x39,
  0x2e,0x30,0x37,0x32,0x20,0x30,0x20,0x30,0x20,0x31,0x2d,0x32,0x34,0x2e,0x33,0x32,
  0x2d,0x30,0x2e,0x30,0x38,0x35,0x33,0x33,0x34,0x7a,0x20,0x6d,0x31,0x33,0x2e,0x31,
  0x38,0x34,0x2d,0x34,0x30,0x35,0x2e,0x31,0x36,0x32,0x36,0x36,0x37,0x43,0x33,0x31,
  0x31,0x2e,0x38,0x30,0x38,0x20,0x31,0x35,0x37,0x2e,0x31,0x34,0x31,0x33,0x33,0x33,
  0x20,0x32,0x33,0x38,0x2e,0x39,0x33,0x33,0x33,0x33,0x33,0x20,0x32,0x32,0x39,0x2e,
  0x37,0x31,0x37,0x33,0x33,0x33,0x20,0x32,0x33,0x38,0x2e,0x39,0x33,0x33,0x33,0x33,
  0x33,0x20,0x33,0x31,0x37,0x2e,0x32,0x36,0x39,0x33,0x33,0x33,0x63,0x30,0x20,0x38,
  0x33,0x2e,0x36,0x32,0x36,0x36,0x36,0x37,0x20,0x36,0x38,0x2e,0x30,0x35,0x33,0x33,
  0x33,0x33,0x20,0x31,0x35,0x34,0x2e,0x34,0x35,0x33,0x33,0x33,0x33,0x20,0x31,0x35,
  0x35,0x2e,0x39,0x30,0x34,0x20,0x31,0x35,0x39,0x2e,0x37,0x30,0x31,0x33,0x33,0x34,
  0x20,0x36,0x2e,0x35,0x37,0x30,0x36,0x36,0x37,0x2d,0x30,0x2e,0x31,0x32,0x38,0x20,
  0x31,0x33,0x2e,0x32,0x32,0x36,0x36,0x36,0x37,0x2d,0x30,0x2e,0x30,0x38,0x35,0x33,
  0x33,0x33,0x20,0x31,0x39,0x2e,0x37,0x39,0x37,0x33,0x33,0x34,0x20,0x30,0x2e,0x30,
  0x38,0x35,0x33,0x33,0x33,0x20,0x38,0x38,0x2e,0x33,0x36,0x32,0x36,0x36,0x37,0x2d,
  0x34,0x2e,0x37,0x33,0x36,0x20,0x31,0x35,0x36,0x2e,0x37,0x35,0x37,0x33,0x33,0x33,
  0x2d,0x37,0x35,0x2e,0x33,0x34,0x39,0x33,0x33,0x33,0x20,0x31,0x35,0x36,0x2e,0x37,
  0x35,0x37,0x33,0x33,0x33,0x2d,0x31,0x35,0x39,0x2e,0x37,0x38,0x36,0x36,0x36,0x37,
  0x20,0x30,0x2d,0x38,0x36,0x2e,0x39,0x35,0x34,0x36,0x36,0x37,0x2d,0x37,0x33,0x2e,
  0x33,0x38,0x36,0x36,0x36,0x37,0x2d,0x31,0x36,0x30,0x2e,0x31,0x32,0x38,0x2d,0x31,
  0x36,0x36,0x2e,0x31,0x38,0x36,0x36,0x36,0x37,0x2d,0x31,0x36,0x30,0x2e,0x31,0x32,
  0x38,0x7a,0x22,0x20,0x70,0x2d,0x69,0x64,0x3d,0x22,0x31,0x34,0x36,0x30,0x22,0x3e,
  0x3c,0x2f,0x70,0x61,0x74,0x68,0x3e,0x3c,0x2f,0x73,0x76,0x67,0x3e,
    // friend-in.svg
  0x0,0x0,0x7,0x83,
  0x3c,
  0x3f,0x78,0x6d,0x6c,0x20,0x76,0x65,0x72,0x73,0x69,0x6f,0x6e,0x3d,0x22,0x31,0x2e,
  0x30,0x22,0x20,0x73,0x74,0x61,0x6e,0x64,0x61,0x6c,0x6f,0x6e,0x65,0x3d,0x22,0x6e,
  0x6f,0x22,0x3f,0x3e,0x3c,0x21,0x44,0x4f,0x43,0x54,0x59,0x50,0x45,0x20,0x73,0x76,
  0x67,0x20,0x50,0x55,0x42,0x4c,0x49,0x43,0x20,0x22,0x2d,0x2f,0x2f,0x57,0x33,0x43,
  0x2f,0x2f,0x44,0x54,0x44,0x20,0x53,0x56,0x47,0x20,0x31,0x2e,0x31,0x2f,0x2f,0x45,
  0x4e,0x22,0x20,0x22,0x68,0x74,0x74,0x70,0x3a,0x2f,0x2f,0x77,0x77,0x77,0x2e,0x77,
  0x33,0x2e,0x6f,0x72,0x67,0x2f,0x47,0x72,0x61,0x70,0x68,0x69,0x63,0x73,0x2f,0x53,
  0x56,0x47,0x2f,0x31,0x2e,0x31,0x2f,0x44,0x54,0x44,0x2f,0x73,0x76,0x67,0x31,0x31,
  0x2e,0x64,0x74,0x64,0x22,0x3e,0x3c,0x73,0x76,0x67,0x20,0x74,0x3d,0x22,0x31,0x37,
  0x36,0x30,0x36,0x31,0x39,0x39,0x34,0x39,0x38,0x32,0x33,0x22,0x20,0x63,0x6c,0x61,
  0x73,0x73,0x3d,0x22,0x69,0x63,0x6f,0x6e,0x22,0x20,0x76,0x69,0x65,0x77,0x42,0x6f,
  0x78,0x3d,0x22,0x30,0x20,0x30,0x20,0x31,0x30,0x32,0x34,0x20,0x31,0x30,0x32,0x34,
  0x22,0x20,0x76,0x65,0x72,0x73,0x69,0x6f,0x6e,0x3d,0x22,0x31,0x2e,0x31,0x22,0x20,
  0x78,0x6d,0x6c,0x6e,0x73,0x3d,0x22,0x68,0x74,0x74,0x70,0x3a,0x2f,0x2f,0x77,0x77,
  0x77,0x2e,0x77,0x33,0x2e,0x6f,0x72,0x67,0x2f,0x32,0x30,0x30,0x30,0x2f,0x73,0x76,
  0x67,0x22,0x20,0x70,0x2d,0x69,0x64,0x3d,0x22,0x31,0x36,0x32,0x36,0x22,0x20,0x78,
  0x6d,0x6c,0x6e,0x73,0x3a,0x78,0x6c,0x69,0x6e,0x6b,0x3d,0x22,0x68,0x74,0x74,0x70,
  0x3a,0x2f,0x2f,0x77,0x77,0x77,0x2e,0x77,0x33,0x2e,0x6f,0x72,0x67,0x2f,0x31,0x39,
  0x39,0x39,0x2f,0x78,0x6c,0x69,0x6e,0x6b,0x22,0x20,0x77,0x69,0x64,0x74,0x68,0x3d,
  0x22,0x32,0x30,0x30,0x22,0x20,0x68,0x65,0x69,0x67,0x68,0x74,0x3d,0x22,0x32,0x30,
  0x30,0x22,0x3e,0x3c,0x70,0x61,0x74,0x68,0x20,0x64,0x3d,0x22,0x4d,0x34,0x30,0x35,
  0x2e,0x32,0x30,0x35,0x33,0x33,0x33,0x20,0x36,0x38,0x2e,0x32,0x32,0x34,0x63,0x31,
  0x33,0x39,0x2e,0x34,0x33,0x34,0x36,0x36,0x37,0x20,0x30,0x20,0x32,0x35,0x35,0x2e,
  0x31,0x34,0x36,0x36,0x36,0x37,0x20,0x31,0x31,0x30,0x2e,0x35,0x34,0x39,0x33,0x33,
  0x33,0x20,0x32,0x35,0x35,0x2e,0x31,0x34,0x36,0x36,0x36,0x37,0x20,0x32,0x34,0x39,
  0x2e,0x30,0x34,0x35,0x33,0x33,0x33,0x20,0x30,0x20,0x37,0x35,0x2e,0x38,0x36,0x31,
  0x33,0x33,0x33,0x2d,0x33,0x34,0x2e,0x35,0x36,0x20,0x31,0x34,0x32,0x2e,0x39,0x37,
  0x36,0x2d,0x38,0x38,0x2e,0x34,0x39,0x30,0x36,0x36,0x37,0x20,0x31,0x38,0x38,0x2e,
  0x34,0x31,0x36,0x20,0x38,0x38,0x2e,0x38,0x33,0x32,0x20,0x34,0x31,0x2e,0x35,0x35,
  0x37,0x33,0x33,0x33,0x20,0x31,0x33,0x37,0x2e,0x30,0x34,0x35,0x33,0x33,0x33,0x20,
  0x31,0x33,0x31,0x2e,0x30,0x32,0x39,0x33,0x33,0x33,0x20,0x31,0x36,0x32,0x2e,0x39,
  0x30,0x31,0x33,0x33,0x34,0x20,0x32,0x30,0x33,0x2e,0x33,0x30,0x36,0x36,0x36,0x37,
  0x61,0x36,0x39,0x32,0x2e,0x34,0x38,0x20,0x36,0x39,0x32,0x2e,0x34,0x38,0x20,0x30,
  0x20,0x30,0x20,0x31,0x20,0x33,0x35,0x2e,0x37,0x31,0x32,0x20,0x31,0x35,0x37,0x2e,
  0x39,0x35,0x32,0x6c,0x30,0x2e,0x32,0x35,0x36,0x20,0x32,0x2e,0x39,0x30,0x31,0x33,
  0x33,0x33,0x20,0x30,0x2e,0x30,0x38,0x35,0x33,0x33,0x33,0x20,0x30,0x2e,0x38,0x35,
  0x33,0x33,0x33,0x34,0x20,0x30,0x2e,0x30,0x34,0x32,0x36,0x36,0x37,0x20,0x30,0x2e,
  0x32,0x35,0x36,0x76,0x30,0x2e,0x31,0x32,0x38,0x73,0x2d,0x30,0x2e,0x39,0x33,0x38,
  0x36,0x36,0x37,0x20,0x30,0x2e,0x31,0x32,0x38,0x2d,0x34,0x36,0x2e,0x30,0x38,0x20,
  0x33,0x2e,0x35,0x38,0x34,0x6c,0x34,0x36,0x2e,0x30,0x38,0x2d,0x33,0x2e,0x35,0x34,
  0x31,0x33,0x33,0x34,0x61,0x34,0x36,0x2e,0x32,0x39,0x33,0x33,0x33,0x33,0x20,0x34,
  0x36,0x2e,0x32,0x39,0x33,0x33,0x33,0x33,0x20,0x30,0x20,0x30,0x20,0x31,0x2d,0x34,
  0x35,0x2e,0x39,0x39,0x34,0x36,0x36,0x37,0x20,0x34,0x39,0x2e,0x37,0x34,0x39,0x33,
  0x33,0x34,0x6c,0x2d,0x36,0x34,0x38,0x2e,0x38,0x37,0x34,0x36,0x36,0x37,0x20,0x31,
  0x2e,0x31,0x30,0x39,0x33,0x33,0x33,0x61,0x34,0x36,0x2e,0x32,0x39,0x33,0x33,0x33,
  0x33,0x20,0x34,0x36,0x2e,0x32,0x39,0x33,0x33,0x33,0x33,0x20,0x30,0x20,0x30,0x20,
  0x31,0x2d,0x34,0x36,0x2e,0x32,0x30,0x38,0x2d,0x34,0x39,0x2e,0x31,0x39,0x34,0x36,
  0x36,0x37,0x63,0x31,0x30,0x2e,0x38,0x33,0x37,0x33,0x33,0x33,0x2d,0x31,0x36,0x36,
  0x2e,0x39,0x35,0x34,0x36,0x36,0x37,0x20,0x37,0x35,0x2e,0x38,0x31,0x38,0x36,0x36,
  0x37,0x2d,0x32,0x38,0x31,0x2e,0x36,0x34,0x32,0x36,0x36,0x37,0x20,0x31,0x37,0x34,
  0x2e,0x33,0x37,0x38,0x36,0x36,0x37,0x2d,0x33,0x34,0x34,0x2e,0x34,0x39,0x30,0x36,
  0x36,0x36,0x20,0x31,0x32,0x2e,0x30,0x33,0x32,0x2d,0x37,0x2e,0x36,0x38,0x20,0x32,
  0x34,0x2e,0x34,0x30,0x35,0x33,0x33,0x33,0x2d,0x31,0x34,0x2e,0x35,0x30,0x36,0x36,
  0x36,0x37,0x20,0x33,0x37,0x2e,0x31,0x32,0x2d,0x32,0x30,0x2e,0x34,0x38,0x2d,0x35,
  0x35,0x2e,0x35,0x35,0x32,0x2d,0x34,0x35,0x2e,0x35,0x36,0x38,0x2d,0x39,0x31,0x2e,
  0x31,0x37,0x38,0x36,0x36,0x37,0x2d,0x31,0x31,0x33,0x2e,0x37,0x34,0x39,0x33,0x33,
  0x33,0x2d,0x39,0x31,0x2e,0x32,0x32,0x31,0x33,0x33,0x33,0x2d,0x31,0x39,0x30,0x2e,
  0x35,0x34,0x39,0x33,0x33,0x34,0x20,0x30,0x2d,0x31,0x33,0x39,0x2e,0x30,0x39,0x33,
  0x33,0x33,0x33,0x20,0x31,0x31,0x35,0x2e,0x31,0x35,0x37,0x33,0x33,0x33,0x2d,0x32,
  0x34,0x39,0x2e,0x30,0x34,0x35,0x33,0x33,0x33,0x20,0x32,0x35,0x35,0x2e,0x31,0x34,
  0x36,0x36,0x36,0x36,0x2d,0x32,0x34,0x39,0x2e,0x30,0x34,0x35,0x33,0x33,0x33,0x7a,
  0x20,0x6d,0x32,0x38,0x30,0x2e,0x32,0x33,0x34,0x36,0x36,0x37,0x20,0x35,0x39,0x2e,
  0x36,0x30,0x35,0x33,0x33,0x33,0x61,0x34,0x36,0x2e,0x32,0x35,0x30,0x36,0x36,0x37,
  0x20,0x34,0x36,0x2e,0x32,0x35,0x30,0x36,0x36,0x37,0x20,0x30,0x20,0x30,0x20,0x31,
  0x20,0x36,0x33,0x2e,0x36,0x31,0x36,0x2d,0x31,0x35,0x2e,0x30,0x31,0x38,0x36,0x36,
  0x36,0x63,0x37,0x38,0x2e,0x38,0x34,0x38,0x20,0x34,0x38,0x2e,0x36,0x38,0x32,0x36,
  0x36,0x37,0x20,0x31,0x30,0x34,0x2e,0x35,0x33,0x33,0x33,0x33,0x33,0x20,0x31,0x33,
  0x30,0x2e,0x33,0x34,0x36,0x36,0x36,0x37,0x20,0x31,0x30,0x32,0x2e,0x34,0x38,0x35,
  0x33,0x33,0x33,0x20,0x32,0x30,0x33,0x2e,0x33,0x39,0x32,0x2d,0x31,0x2e,0x34,0x35,
  0x30,0x36,0x36,0x37,0x20,0x35,0x31,0x2e,0x31,0x35,0x37,0x33,0x33,0x33,0x2d,0x31,
  0x36,0x2e,0x34,0x36,0x39,0x33,0x33,0x33,0x20,0x31,0x30,0x32,0x2e,0x39,0x39,0x37,
  0x33,0x33,0x33,0x2d,0x34,0x30,0x2e,0x33,0x32,0x20,0x31,0x34,0x33,0x2e,0x37,0x30,
  0x31,0x33,0x33,0x33,0x20,0x32,0x32,0x2e,0x31,0x38,0x36,0x36,0x36,0x37,0x20,0x32,
  0x30,0x2e,0x33,0x30,0x39,0x33,0x33,0x33,0x20,0x34,0x31,0x2e,0x35,0x35,0x37,0x33,
  0x33,0x33,0x20,0x34,0x34,0x2e,0x36,0x32,0x39,0x33,0x33,0x33,0x20,0x35,0x38,0x2e,
  0x32,0x38,0x32,0x36,0x36,0x37,0x20,0x36,0x39,0x2e,0x35,0x34,0x36,0x36,0x36,0x37,
  0x20,0x32,0x36,0x2e,0x38,0x38,0x20,0x34,0x30,0x2e,0x31,0x30,0x36,0x36,0x36,0x37,
  0x20,0x34,0x39,0x2e,0x34,0x35,0x30,0x36,0x36,0x37,0x20,0x38,0x35,0x2e,0x34,0x36,
  0x31,0x33,0x33,0x33,0x20,0x36,0x37,0x2e,0x34,0x31,0x33,0x33,0x33,0x33,0x20,0x31,
  0x32,0x37,0x2e,0x32,0x37,0x34,0x36,0x36,0x36,0x61,0x31,0x32,0x39,0x30,0x2e,0x37,
  0x39,0x34,0x36,0x36,0x37,0x20,0x31,0x32,0x39,0x30,0x2e,0x37,0x39,0x34,0x36,0x36,
  0x37,0x20,0x30,0x20,0x30,0x20,0x31,0x20,0x35,0x34,0x2e,0x37,0x34,0x31,0x33,0x33,
  0x34,0x20,0x31,0x35,0x35,0x2e,0x30,0x39,0x33,0x33,0x33,0x34,0x6c,0x30,0x2e,0x37,
  0x32,0x35,0x33,0x33,0x33,0x20,0x32,0x2e,0x36,0x38,0x38,0x20,0x30,0x2e,0x32,0x31,
  0x33,0x33,0x33,0x33,0x20,0x30,0x2e,0x37,0x32,0x35,0x33,0x33,0x33,0x76,0x30,0x2e,
  0x32,0x31,0x33,0x33,0x33,0x33,0x6c,0x30,0x2e,0x30,0x34,0x32,0x36,0x36,0x37,0x20,
  0x30,0x2e,0x30,0x38,0x35,0x33,0x33,0x34,0x76,0x30,0x2e,0x30,0x34,0x32,0x36,0x36,
  0x36,0x6c,0x30,0x2e,0x39,0x38,0x31,0x33,0x33,0x33,0x20,0x34,0x2e,0x36,0x35,0x30,
  0x36,0x36,0x37,0x61,0x34,0x36,0x2e,0x32,0x35,0x30,0x36,0x36,0x37,0x20,0x34,0x36,
  0x2e,0x32,0x35,0x30,0x36,0x36,0x37,0x20,0x30,0x20,0x30,0x20,0x31,0x2d,0x39,0x30,
  0x2e,0x33,0x32,0x35,0x33,0x33,0x33,0x20,0x31,0x38,0x2e,0x39,0x34,0x34,0x6c,0x2d,
  0x30,0x2e,0x30,0x34,0x32,0x36,0x36,0x37,0x2d,0x30,0x2e,0x30,0x38,0x35,0x33,0x33,
  0x33,0x2d,0x30,0x2e,0x31,0x32,0x38,0x2d,0x30,0x2e,0x35,0x31,0x32,0x2d,0x30,0x2e,
  0x35,0x39,0x37,0x33,0x33,0x33,0x2d,0x32,0x2e,0x31,0x33,0x33,0x33,0x33,0x34,0x61,
  0x31,0x31,0x30,0x34,0x2e,0x34,0x36,0x39,0x33,0x33,0x33,0x20,0x31,0x31,0x30,0x34,
  0x2e,0x34,0x36,0x39,0x33,0x33,0x33,0x20,0x30,0x20,0x30,0x20,0x30,0x2d,0x31,0x32,
  0x2e,0x33,0x33,0x30,0x36,0x36,0x37,0x2d,0x34,0x30,0x2e,0x37,0x38,0x39,0x33,0x33,
  0x33,0x20,0x31,0x31,0x39,0x39,0x2e,0x38,0x37,0x32,0x20,0x31,0x31,0x39,0x39,0x2e,
  0x38,0x37,0x32,0x20,0x30,0x20,0x30,0x20,0x30,0x2d,0x33,0x38,0x2e,0x32,0x32,0x39,
  0x33,0x33,0x33,0x2d,0x31,0x30,0x32,0x2e,0x34,0x63,0x2d,0x31,0x36,0x2e,0x36,0x38,
  0x32,0x36,0x36,0x37,0x2d,0x33,0x38,0x2e,0x38,0x32,0x36,0x36,0x36,0x37,0x2d,0x33,
  0x36,0x2e,0x36,0x30,0x38,0x2d,0x37,0x38,0x2e,0x36,0x33,0x34,0x36,0x36,0x37,0x2d,
  0x35,0x39,0x2e,0x32,0x32,0x31,0x33,0x33,0x33,0x2d,0x31,0x31,0x32,0x2e,0x32,0x39,
  0x38,0x36,0x36,0x37,0x2d,0x32,0x33,0x2e,0x30,0x34,0x2d,0x33,0x34,0x2e,0x32,0x36,
  0x31,0x33,0x33,0x33,0x2d,0x34,0x36,0x2e,0x35,0x30,0x36,0x36,0x36,0x37,0x2d,0x35,
  0x38,0x2e,0x37,0x35,0x32,0x2d,0x36,0x38,0x2e,0x37,0x37,0x38,0x36,0x36,0x37,0x2d,
  0x37,0x31,0x2e,0x33,0x38,0x31,0x33,0x33,0x33,0x61,0x34,0x36,0x2e,0x32,0x35,0x30,
  0x36,0x36,0x37,0x20,0x34,0x36,0x2e,0x32,0x35,0x30,0x36,0x36,0x37,0x20,0x30,0x20,
  0x30,0x20,0x31,0x2d,0x39,0x2e,0x39,0x38,0x34,0x2d,0x37,0x32,0x2e,0x39,0x31,0x37,
  0x33,0x33,0x33,0x63,0x32,0x32,0x2e,0x30,0x35,0x38,0x36,0x36,0x37,0x2d,0x32,0x32,
  0x2e,0x30,0x31,0x36,0x20,0x34,0x33,0x2e,0x36,0x34,0x38,0x2d,0x37,0x30,0x2e,0x34,
  0x20,0x34,0x35,0x2e,0x31,0x34,0x31,0x33,0x33,0x33,0x2d,0x31,0x32,0x33,0x2e,0x30,
  0x30,0x38,0x20,0x31,0x2e,0x34,0x30,0x38,0x2d,0x35,0x30,0x2e,0x37,0x37,0x33,0x33,
  0x33,0x33,0x2d,0x31,0x35,0x2e,0x39,0x31,0x34,0x36,0x36,0x37,0x2d,0x39,0x35,0x2e,
  0x37,0x38,0x36,0x36,0x36,0x37,0x2d,0x35,0x38,0x2e,0x36,0x32,0x34,0x2d,0x31,0x32,
  0x32,0x2e,0x31,0x39,0x37,0x33,0x33,0x34,0x61,0x34,0x36,0x2e,0x32,0x35,0x30,0x36,
  0x36,0x37,0x20,0x34,0x36,0x2e,0x32,0x35,0x30,0x36,0x36,0x37,0x20,0x30,0x20,0x30,
  0x20,0x31,0x2d,0x31,0x35,0x2e,0x30,0x36,0x31,0x33,0x33,0x33,0x2d,0x36,0x33,0x2e,
  0x35,0x37,0x33,0x33,0x33,0x33,0x7a,0x22,0x20,0x70,0x2d,0x69,0x64,0x3d,0x22,0x31,
  0x36,0x32,0x37,0x22,0x3e,0x3c,0x2f,0x70,0x61,0x74,0x68,0x3e,0x3c,0x2f,0x73,0x76,
  0x67,0x3e,
    // copy-document.svg
  0x0,0x0,0x4,0x93,
  0x3c,
  0x3f,0x78,0x6d,0x6c,0x20,0x76,0x65,0x72,0x73,0x69,0x6f,0x6e,0x3d,0x22,0x31,0x2e,
  0x30,0x22,0x20,0x73,0x74,0x61,0x6e,0x64,0x61,0x6c,0x6f,0x6e,0x65,0x3d,0x22,0x6e,
  0x6f,0x22,0x3f,0x3e,0x3c,0x21,0x44,0x4f,0x43,0x54,0x59,0x50,0x45,0x20,0x73,0x76,
  0x67,0x20,0x50,0x55,0x42,0x4c,0x49,0x43,0x20,0x22,0x2d,0x2f,0x2f,0x57,0x33,0x43,
  0x2f,0x2f,0x44,0x54,0x44,0x20,0x53,0x56,0x47,0x20,0x31,0x2e,0x31,0x2f,0x2f,0x45,
  0x4e,0x22,0x20,0x22,0x68,0x74,0x74,0x70,0x3a,0x2f,0x2f,0x77,0x77,0x77,0x2e,0x77,
  0x33,0x2e,0x6f,0x72,0x67,0x2f,0x47,0x72,0x61,0x70,0x68,0x69,0x63,0x73,0x2f,0x53,
  0x56,0x47,0x2f,0x31,0x2e,0x31,0x2f,0x44,0x54,0x44,0x2f,0x73,0x76,0x67,0x31,0x31,
  0x2e,0x64,0x74,0x64,0x22,0x3e,0x3c,0x73,0x76,0x67,0x20,0x74,0x3d,0x22,0x31,0x37,
  0x35,0x38,0x35,0x34,0x37,0x30,0x37,0x38,0x31,0x31,0x35,0x22,0x20,0x63,0x6c,0x61,
  0x73,0x73,0x3d,0x22,0x69,0x63,0x6f,0x6e,0x22,0x20,0x76,0x69,0x65,0x77,0x42,0x6f,
  0x78,0x3d,0x22,0x30,0x20,0x30,0x20,0x31,0x30,0x32,0x34,0x20,0x31,0x30,0x32,0x34,
  0x22,0x20,0x76,0x65,0x72,0x73,0x69,0x6f,0x6e,0x3d,0x22,0x31,0x2e,0x31,0x22,0x20,
  0x78,0x6d,0x6c,0x6e,0x73,0x3d,0x22,0x68,0x74,0x74,0x70,0x3a,0x2f,0x2f,0x77,0x77,
  0x77,0x2e,0x77,0x33,0x2e,0x6f,0x72,0x67,0x2f,0x32,0x30,0x30,0x30,0x2f,0x73,0x76,
  0x67,0x22,0x20,0x70,0x2d,0x69,0x64,0x3d,0x22,0x33,0x39,0x32,0x34,0x22,0x20,0x78,
  0x6d,0x6c,0x6e,0x73,0x3a,0x78,0x6c,0x69,0x6e,0x6b,0x3d,0x22,0x68,0x74,0x74,0x70,
  0x3a,0x2f,0x2f,0x77,0x77,0x77,0x2e,0x77,0x33,0x2e,0x6f,0x72,0x67,0x2f,0x31,0x39,
  0x39,0x39,0x2f,0x78,0x6c,0x69,0x6e,0x6b,0x22,0x20,0x77,0x69,0x64,0x74,0x68,0x3d,
  0x22,0x32,0x30,0x30,0x22,0x20,0x68,0x65,0x69,0x67,0x68,0x74,0x3d,0x22,0x32,0x30,
  0x30,0x22,0x3e,0x3c,0x70,0x61,0x74,0x68,0x20,0x64,0x3d,0x22,0x4d,0x37,0x36,0x38,
  0x20,0x38,0x33,0x32,0x63,0x2d,0x30,0x2e,0x36,0x34,0x20,0x33,0x36,0x2e,0x30,0x33,
  0x32,0x2d,0x31,0x33,0x2e,0x31,0x38,0x34,0x20,0x36,0x36,0x2e,0x31,0x37,0x36,0x2d,
  0x33,0x37,0x2e,0x35,0x30,0x34,0x20,0x39,0x30,0x2e,0x34,0x39,0x36,0x2d,0x32,0x34,
  0x2e,0x33,0x32,0x20,0x32,0x34,0x2e,0x33,0x32,0x2d,0x35,0x34,0x2e,0x35,0x32,0x38,
  0x20,0x33,0x36,0x2e,0x38,0x2d,0x39,0x30,0x2e,0x34,0x39,0x36,0x20,0x33,0x37,0x2e,
  0x35,0x30,0x34,0x48,0x31,0x39,0x32,0x63,0x2d,0x33,0x36,0x2e,0x30,0x33,0x32,0x2d,
  0x30,0x2e,0x36,0x34,0x2d,0x36,0x36,0x2e,0x31,0x37,0x36,0x2d,0x31,0x33,0x2e,0x31,
  0x38,0x34,0x2d,0x39,0x30,0x2e,0x34,0x39,0x36,0x2d,0x33,0x37,0x2e,0x35,0x30,0x34,
  0x2d,0x32,0x34,0x2e,0x33,0x32,0x2d,0x32,0x34,0x2e,0x33,0x32,0x2d,0x33,0x36,0x2e,
  0x38,0x2d,0x35,0x34,0x2e,0x35,0x32,0x38,0x2d,0x33,0x37,0x2e,0x35,0x30,0x34,0x2d,
  0x39,0x30,0x2e,0x34,0x39,0x36,0x56,0x33,0x38,0x34,0x63,0x30,0x2e,0x36,0x34,0x2d,
  0x33,0x36,0x2e,0x30,0x33,0x32,0x20,0x31,0x33,0x2e,0x31,0x38,0x34,0x2d,0x36,0x36,
  0x2e,0x31,0x37,0x36,0x20,0x33,0x37,0x2e,0x35,0x30,0x34,0x2d,0x39,0x30,0x2e,0x34,
  0x39,0x36,0x20,0x32,0x34,0x2e,0x33,0x32,0x2d,0x32,0x34,0x2e,0x33,0x32,0x20,0x35,
  0x34,0x2e,0x35,0x32,0x38,0x2d,0x33,0x36,0x2e,0x38,0x20,0x39,0x30,0x2e,0x34,0x39,
  0x36,0x2d,0x33,0x37,0x2e,0x35,0x30,0x34,0x76,0x36,0x34,0x61,0x36,0x34,0x2e,0x37,
  0x36,0x38,0x20,0x36,0x34,0x2e,0x37,0x36,0x38,0x20,0x30,0x20,0x30,0x20,0x30,0x2d,
  0x36,0x34,0x20,0x36,0x34,0x76,0x34,0x34,0x38,0x61,0x36,0x34,0x2e,0x38,0x33,0x32,
  0x20,0x36,0x34,0x2e,0x38,0x33,0x32,0x20,0x30,0x20,0x30,0x20,0x30,0x20,0x36,0x34,
  0x20,0x36,0x34,0x68,0x34,0x34,0x38,0x61,0x36,0x34,0x2e,0x37,0x36,0x38,0x20,0x36,
  0x34,0x2e,0x37,0x36,0x38,0x20,0x30,0x20,0x30,0x20,0x30,0x20,0x36,0x34,0x2d,0x36,
  0x34,0x68,0x36,0x34,0x7a,0x4d,0x33,0x38,0x34,0x20,0x31,0x32,0x38,0x61,0x36,0x34,
  0x2e,0x37,0x36,0x38,0x20,0x36,0x34,0x2e,0x37,0x36,0x38,0x20,0x30,0x20,0x30,0x20,
  0x30,0x2d,0x36,0x34,0x20,0x36,0x34,0x76,0x34,0x34,0x38,0x61,0x36,0x34,0x2e,0x37,
  0x36,0x38,0x20,0x36,0x34,0x2e,0x37,0x36,0x38,0x20,0x30,0x20,0x30,0x20,0x30,0x20,
  0x36,0x34,0x20,0x36,0x34,0x68,0x34,0x34,0x38,0x61,0x36,0x34,0x2e,0x38,0x33,0x32,
  0x20,0x36,0x34,0x2e,0x38,0x33,0x32,0x20,0x30,0x20,0x30,0x20,0x30,0x20,0x36,0x34,
  0x2d,0x36,0x34,0x56,0x31,0x39,0x32,0x61,0x36,0x34,0x2e,0x37,0x36,0x38,0x20,0x36,
  0x34,0x2e,0x37,0x36,0x38,0x20,0x30,0x20,0x30,0x20,0x30,0x2d,0x36,0x34,0x2d,0x36,
  0x34,0x48,0x33,0x38,0x34,0x7a,0x20,0x6d,0x30,0x2d,0x36,0x34,0x68,0x34,0x34,0x38,
  0x63,0x33,0x36,0x2e,0x30,0x33,0x32,0x20,0x30,0x2e,0x36,0x34,0x20,0x36,0x36,0x2e,
  0x31,0x37,0x36,0x20,0x31,0x33,0x2e,0x31,0x38,0x34,0x20,0x39,0x30,0x2e,0x34,0x39,
  0x36,0x20,0x33,0x37,0x2e,0x35,0x30,0x34,0x20,0x32,0x34,0x2e,0x33,0x32,0x20,0x32,
  0x34,0x2e,0x33,0x32,0x20,0x33,0x36,0x2e,0x38,0x20,0x35,0x34,0x2e,0x35,0x32,0x38,
  0x20,0x33,0x37,0x2e,0x35,0x30,0x34,0x20,0x39,0x30,0x2e,0x34,0x39,0x36,0x76,0x34,
  0x34,0x38,0x63,0x2d,0x30,0x2e,0x36,0x34,0x20,0x33,0x36,0x2e,0x30,0x33,0x32,0x2d,
  0x31,0x33,0x2e,0x31,0x38,0x34,0x20,0x36,0x36,0x2e,0x31,0x37,0x36,0x2d,0x33,0x37,
  0x2e,0x35,0x30,0x34,0x20,0x39,0x30,0x2e,0x34,0x39,0x36,0x2d,0x32,0x34,0x2e,0x33,
  0x32,0x20,0x32,0x34,0x2e,0x33,0x32,0x2d,0x35,0x34,0x2e,0x35,0x32,0x38,0x20,0x33,
  0x36,0x2e,0x38,0x2d,0x39,0x30,0x2e,0x34,0x39,0x36,0x20,0x33,0x37,0x2e,0x35,0x30,
  0x34,0x48,0x33,0x38,0x34,0x63,0x2d,0x33,0x36,0x2e,0x30,0x33,0x32,0x2d,0x30,0x2e,
  0x36,0x34,0x2d,0x36,0x36,0x2e,0x31,0x37,0x36,0x2d,0x31,0x33,0x2e,0x31,0x38,0x34,
  0x2d,0x39,0x30,0x2e,0x34,0x39,0x36,0x2d,0x33,0x37,0x2e,0x35,0x30,0x34,0x2d,0x32,
  0x34,0x2e,0x33,0x32,0x2d,0x32,0x34,0x2e,0x33,0x32,0x2d,0x33,0x36,0x2e,0x38,0x2d,
  0x35,0x34,0x2e,0x35,0x32,0x38,0x2d,0x33,0x37,0x2e,0x35,0x30,0x34,0x2d,0x39,0x30,
  0x2e,0x34,0x39,0x36,0x56,0x31,0x39,0x32,0x63,0x30,0x2e,0x36,0x34,0x2d,0x33,0x36,
  0x2e,0x30,0x33,0x32,0x20,0x31,0x33,0x2e,0x31,0x38,0x34,0x2d,0x36,0x36,0x2e,0x31,
  0x37,0x36,0x20,0x33,0x37,0x2e,0x35,0x30,0x34,0x2d,0x39,0x30,0x2e,0x34,0x39,0x36,
  0x20,0x32,0x34,0x2e,0x33,0x32,0x2d,0x32,0x34,0x2e,0x33,0x32,0x20,0x35,0x34,0x2e,
  0x35,0x32,0x38,0x2d,0x33,0x36,0x2e,0x38,0x20,0x39,0x30,0x2e,0x34,0x39,0x36,0x2d,
  0x33,0x37,0x2e,0x35,0x30,0x34,0x7a,0x22,0x20,0x70,0x2d,0x69,0x64,0x3d,0x22,0x33,
  0x39,0x32,0x35,0x22,0x3e,0x3c,0x2f,0x70,0x61,0x74,0x68,0x3e,0x3c,0x2f,0x73,0x76,
  0x67,0x3e,
    // close.svg
  0x0,0x0,0x3,0xa7,
  0x3c,
  0x3f,0x78,0x6d,0x6c,0x20,0x76,0x65,0x72,0x73,0x69,0x6f,0x6e,0x3d,0x22,0x31,0x2e,
  0x30,0x22,0x20,0x73,0x74,0x61,0x6e,0x64,0x61,0x6c,0x6f,0x6e,0x65,0x3d,0x22,0x6e,
  0x6f,0x22,0x3f,0x3e,0x3c,0x21,0x44,0x4f,0x43,0x54,0x59,0x50,0x45,0x20,0x73,0x76,
  0x67,0x20,0x50,0x55,0x42,0x4c,0x49,0x43,0x20,0x22,0x2d,0x2f,0x2f,0x57,0x33,0x43,
  0x2f,0x2f,0x44,0x54,0x44,0x20,0x53,0x56,0x47,0x20,0x31,0x2e,0x31,0x2f,0x2f,0x45,
  0x4e,0x22,0x20,0x22,0x68,0x74,0x74,0x70,0x3a,0x2f,0x2f,0x77,0x77,0x77,0x2e,0x77,
  0x33,0x2e,0x6f,0x72,0x67,0x2f,0x47,0x72,0x61,0x70,0x68,0x69,0x63,0x73,0x2f,0x53,
  0x56,0x47,0x2f,0x31,0x2e,0x31,0x2f,0x44,0x54,0x44,0x2f,0x73,0x76,0x67,0x31,0x31,
  0x2e,0x64,0x74,0x64,0x22,0x3e,0x3c,0x73,0x76,0x67,0x20,0x74,0x3d,0x22,0x31,0x37,
  0x35,0x38,0x35,0x34,0x37,0x31,0x30,0x39,0x36,0x31,0x33,0x22,0x20,0x63,0x6c,0x61,
  0x73,0x73,0x3d,0x22,0x69,0x63,0x6f,0x6e,0x22,0x20,0x76,0x69,0x65,0x77,0x42,0x6f,
  0x78,0x3d,0x22,0x30,0x20,0x30,0x20,0x31,0x30,0x32,0x34,0x20,0x31,0x30,0x32,0x34,
  0x22,0x20,0x76,0x65,0x72,0x73,0x69,0x6f,0x6e,0x3d,0x22,0x31,0x2e,0x31,0x22,0x20,
  0x78,0x6d,0x6c,0x6e,0x73,0x3d,0x22,0x68,0x74,0x74,0x70,0x3a,0x2f,0x2f,0x77,0x77,
  0x77,0x2e,0x77,0x33,0x2e,0x6f,0x72,0x67,0x2f,0x32,0x30,0x30,0x30,0x2f,0x73,0x76,
  0x67,0x22,0x20,0x70,0x2d,0x69,0x64,0x3d,0x22,0x34,0x30,0x37,0x37,0x22,0x20,0x78,
  0x6d,0x6c,0x6e,0x73,0x3a,0x78,0x6c,0x69,0x6e,0x6b,0x3d,0x22,0x68,0x74,0x74,0x70,
  0x3a,0x2f,0x2f,0x77,0x77,0x77,0x2e,0x77,0x33,0x2e,0x6f,0x72,0x67,0x2f,0x31,0x39,
  0x39,0x39,0x2f,0x78,0x6c,0x69,0x6e,0x6b,0x22,0x20,0x77,0x69,0x64,0x74,0x68,0x3d,
  0x22,0x32,0x30,0x30,0x22,0x20,0x68,0x65,0x69,0x67,0x68,0x74,0x3d,0x22,0x32,0x30,
  0x30,0x22,0x3e,0x3c,0x70,0x61,0x74,0x68,0x20,0x64,0x3d,0x22,0x4d,0x37,0x36,0x34,
  0x2e,0x30,0x33,0x32,0x20,0x32,0x31,0x35,0x2e,0x30,0x34,0x4c,0x35,0x31,0x32,0x20,
  0x34,0x36,0x36,0x2e,0x39,0x34,0x34,0x20,0x32,0x36,0x30,0x2e,0x30,0x33,0x32,0x20,
  0x32,0x31,0x34,0x2e,0x39,0x37,0x36,0x61,0x33,0x32,0x2e,0x38,0x33,0x32,0x20,0x33,
  0x32,0x2e,0x38,0x33,0x32,0x20,0x30,0x20,0x30,0x20,0x30,0x2d,0x32,0x32,0x2e,0x35,
  0x32,0x38,0x2d,0x38,0x2e,0x39,0x36,0x63,0x2d,0x38,0x2e,0x33,0x32,0x20,0x30,0x2d,
  0x31,0x35,0x2e,0x36,0x38,0x20,0x33,0x2e,0x32,0x2d,0x32,0x32,0x2e,0x30,0x31,0x36,
  0x20,0x39,0x2e,0x34,0x37,0x32,0x61,0x33,0x30,0x2e,0x30,0x38,0x20,0x33,0x30,0x2e,
  0x30,0x38,0x20,0x30,0x20,0x30,0x20,0x30,0x2d,0x39,0x2e,0x34,0x37,0x32,0x20,0x32,
  0x32,0x2e,0x30,0x31,0x36,0x63,0x30,0x20,0x38,0x2e,0x33,0x32,0x20,0x33,0x2e,0x30,
  0x30,0x38,0x20,0x31,0x35,0x2e,0x38,0x37,0x32,0x20,0x38,0x2e,0x39,0x36,0x20,0x32,
  0x32,0x2e,0x35,0x32,0x38,0x4c,0x34,0x36,0x37,0x2e,0x30,0x30,0x38,0x20,0x35,0x31,
  0x32,0x6c,0x2d,0x32,0x35,0x32,0x2e,0x30,0x33,0x32,0x20,0x32,0x35,0x32,0x2e,0x30,
  0x33,0x32,0x61,0x33,0x30,0x2e,0x37,0x32,0x20,0x33,0x30,0x2e,0x37,0x32,0x20,0x30,
  0x20,0x30,0x20,0x30,0x2d,0x38,0x2e,0x35,0x31,0x32,0x20,0x33,0x30,0x2e,0x39,0x37,
  0x36,0x20,0x32,0x38,0x2e,0x36,0x37,0x32,0x20,0x32,0x38,0x2e,0x36,0x37,0x32,0x20,
  0x30,0x20,0x30,0x20,0x30,0x20,0x32,0x32,0x2e,0x30,0x31,0x36,0x20,0x32,0x32,0x2e,
  0x35,0x32,0x38,0x20,0x33,0x32,0x2e,0x31,0x32,0x38,0x20,0x33,0x32,0x2e,0x31,0x32,
  0x38,0x20,0x30,0x20,0x30,0x20,0x30,0x20,0x33,0x31,0x2e,0x34,0x38,0x38,0x2d,0x38,
  0x2e,0x35,0x31,0x32,0x4c,0x35,0x31,0x32,0x20,0x35,0x35,0x36,0x2e,0x39,0x39,0x32,
  0x6c,0x32,0x35,0x31,0x2e,0x39,0x36,0x38,0x20,0x32,0x35,0x32,0x2e,0x30,0x33,0x32,
  0x63,0x36,0x2e,0x36,0x35,0x36,0x20,0x36,0x2e,0x30,0x31,0x36,0x20,0x31,0x34,0x2e,
  0x32,0x30,0x38,0x20,0x38,0x2e,0x39,0x36,0x20,0x32,0x32,0x2e,0x35,0x32,0x38,0x20,
  0x38,0x2e,0x39,0x36,0x20,0x38,0x2e,0x33,0x32,0x20,0x30,0x20,0x31,0x35,0x2e,0x36,
  0x31,0x36,0x2d,0x33,0x2e,0x31,0x33,0x36,0x20,0x32,0x32,0x2e,0x30,0x31,0x36,0x2d,
  0x39,0x2e,0x34,0x37,0x32,0x61,0x33,0x30,0x2e,0x30,0x38,0x20,0x33,0x30,0x2e,0x30,
  0x38,0x20,0x30,0x20,0x30,0x20,0x30,0x20,0x39,0x2e,0x34,0x37,0x32,0x2d,0x32,0x32,
  0x2e,0x30,0x31,0x36,0x20,0x33,0x32,0x2e,0x39,0x36,0x20,0x33,0x32,0x2e,0x39,0x36,
  0x20,0x30,0x20,0x30,0x20,0x30,0x2d,0x38,0x2e,0x39,0x36,0x2d,0x32,0x32,0x2e,0x35,
  0x32,0x38,0x4c,0x35,0x35,0x36,0x2e,0x39,0x39,0x32,0x20,0x35,0x31,0x32,0x6c,0x32,
  0x35,0x32,0x2e,0x30,0x33,0x32,0x2d,0x32,0x35,0x32,0x2e,0x30,0x33,0x32,0x61,0x33,
  0x30,0x2e,0x37,0x32,0x20,0x33,0x30,0x2e,0x37,0x32,0x20,0x30,0x20,0x30,0x20,0x30,
  0x20,0x38,0x2e,0x35,0x31,0x32,0x2d,0x33,0x30,0x2e,0x39,0x37,0x36,0x20,0x32,0x38,
  0x2e,0x38,0x20,0x32,0x38,0x2e,0x38,0x20,0x30,0x20,0x30,0x20,0x30,0x2d,0x32,0x32,
  0x2e,0x35,0x32,0x38,0x2d,0x32,0x32,0x2e,0x35,0x32,0x38,0x20,0x33,0x30,0x2e,0x37,
  0x32,0x20,0x33,0x30,0x2e,0x37,0x32,0x20,0x30,0x20,0x30,0x20,0x30,0x2d,0x33,0x30,
  0x2e,0x39,0x37,0x36,0x20,0x38,0x2e,0x35,0x31,0x32,0x7a,0x22,0x20,0x70,0x2d,0x69,
  0x64,0x3d,0x22,0x34,0x30,0x37,0x38,0x22,0x3e,0x3c,0x2f,0x70,0x61,0x74,0x68,0x3e,
  0x3c,0x2f,0x73,0x76,0x67,0x3e,
    // filecon.svg
  0x0,0x0,0x2,0x62,
  0x3c,
  0x3f,0x78,0x6d,0x6c,0x20,0x76,0x65,0x72,0x73,0x69,0x6f,0x6e,0x3d,0x22,0x31,0x2e,
  0x30,0x22,0x20,0x73,0x74,0x61,0x6e,0x64,0x61,0x6c,0x6f,0x6e,0x65,0x3d,0x22,0x6e,
  0x6f,0x22,0x3f,0x3e,0x3c,0x21,0x44,0x4f,0x43,0x54,0x59,0x50,0x45,0x20,0x73,0x76,
  0x67,0x20,0x50,0x55,0x42,0x4c,0x49,0x43,0x20,0x22,0x2d,0x2f,0x2f,0x57,0x33,0x43,
  0x2f,0x2f,0x44,0x54,0x44,0x20,0x53,0x56,0x47,0x20,0x31,0x2e,0x31,0x2f,0x2f,0x45,
  0x4e,0x22,0x20,0x22,0x68,0x74,0x74,0x70,0x3a,0x2f,0x2f,0x77,0x77,0x77,0x2e,0x77,
  0x33,0x2e,0x6f,0x72,0x67,0x2f,0x47,0x72,0x61,0x70,0x68,0x69,0x63,0x73,0x2f,0x53,
  0x56,0x47,0x2f,0x31,0x2e,0x31,0x2f,0x44,0x54,0x44,0x2f,0x73,0x76,0x67,0x31,0x31,
  0x2e,0x64,0x74,0x64,0x22,0x3e,0x3c,0x73,0x76,0x67,0x20,0x74,0x3d,0x22,0x31,0x37,
  0x37,0x34,0x30,0x36,0x38,0x31,0x36,0x33,0x38,0x34,0x31,0x22,0x20,0x63,0x6c,0x61,
  0x73,0x73,0x3d,0x22,0x69,0x63,0x6f,0x6e,0x22,0x20,0x76,0x69,0x65,0x77,0x42,0x6f,
  0x78,0x3d,0x22,0x30,0x20,0x30,0x20,0x31,0x30,0x32,0x34,0x20,0x31,0x30,0x32,0x34,
  0x22,0x20,0x76,0x65,0x72,0x73,0x69,0x6f,0x6e,0x3d,0x22,0x31,0x2e,0x31,0x22,0x20,
  0x78,0x6d,0x6c,0x6e,0x73,0x3d,0x22,0x68,0x74,0x74,0x70,0x3a,0x2f,0x2f,0x77,0x77,
  0x77,0x2e,0x77,0x33,0x2e,0x6f,0x72,0x67,0x2f,0x32,0x30,0x30,0x30,0x2f,0x73,0x76,
  0x67,0x22,0x20,0x70,0x2d,0x69,0x64,0x3d,0x22,0x34,0x37,0x38,0x30,0x22,0x20,0x78,
  0x6d,0x6c,0x6e,0x73,0x3a,0x78,0x6c,0x69,0x6e,0x6b,0x3d,0x22,0x68,0x74,0x74,0x70,
  0x3a,0x2f,0x2f,0x77,0x77,0x77,0x2e,0x77,0x33,0x2e,0x6f,0x72,0x67,0x2f,0x31,0x39,
  0x39,0x39,0x2f,0x78,0x6c,0x69,0x6e,0x6b,0x22,0x20,0x77,0x69,0x64,0x74,0x68,0x3d,
  0x22,0x31,0x39,0x30,0x22,0x20,0x68,0x65,0x69,0x67,0x68,0x74,0x3d,0x22,0x31,0x39,
  0x30,0x22,0x3e,0x3c,0x70,0x61,0x74,0x68,0x20,0x64,0x3d,0x22,0x4d,0x39,0x32,0x38,
  0x20,0x32,0x35,0x36,0x68,0x2d,0x32,0x32,0x34,0x56,0x33,0x32,0x68,0x36,0x34,0x76,
  0x31,0x36,0x30,0x68,0x31,0x36,0x30,0x76,0x36,0x34,0x7a,0x22,0x20,0x66,0x69,0x6c,
  0x6c,0x3d,0x22,0x23,0x32,0x63,0x32,0x63,0x32,0x63,0x22,0x20,0x70,0x2d,0x69,0x64,
  0x3d,0x22,0x34,0x37,0x38,0x31,0x22,0x3e,0x3c,0x2f,0x70,0x61,0x74,0x68,0x3e,0x3c,
  0x70,0x61,0x74,0x68,0x20,0x64,0x3d,0x22,0x4d,0x39,0x36,0x30,0x20,0x38,0x39,0x36,
  0x48,0x31,0x39,0x32,0x56,0x30,0x68,0x35,0x35,0x37,0x2e,0x31,0x32,0x4c,0x39,0x36,
  0x30,0x20,0x32,0x31,0x30,0x2e,0x38,0x38,0x7a,0x4d,0x32,0x35,0x36,0x20,0x38,0x33,
  0x32,0x68,0x36,0x34,0x30,0x56,0x32,0x33,0x37,0x2e,0x31,0x32,0x4c,0x37,0x32,0x32,
  0x2e,0x38,0x38,0x20,0x36,0x34,0x48,0x32,0x35,0x36,0x7a,0x22,0x20,0x66,0x69,0x6c,
  0x6c,0x3d,0x22,0x23,0x32,0x63,0x32,0x63,0x32,0x63,0x22,0x20,0x70,0x2d,0x69,0x64,
  0x3d,0x22,0x34,0x37,0x38,0x32,0x22,0x3e,0x3c,0x2f,0x70,0x61,0x74,0x68,0x3e,0x3c,
  0x70,0x61,0x74,0x68,0x20,0x64,0x3d,0x22,0x4d,0x38,0x33,0x32,0x20,0x31,0x30,0x32,
  0x34,0x48,0x36,0x34,0x56,0x31,0x32,0x38,0x68,0x31,0x36,0x30,0x76,0x36,0x34,0x48,
  0x31,0x32,0x38,0x76,0x37,0x36,0x38,0x68,0x36,0x34,0x30,0x76,0x2d,0x39,0x36,0x68,
  0x36,0x34,0x76,0x31,0x36,0x30,0x7a,0x22,0x20,0x66,0x69,0x6c,0x6c,0x3d,0x22,0x23,
  0x32,0x63,0x32,0x63,0x32,0x63,0x22,0x20,0x70,0x2d,0x69,0x64,0x3d,0x22,0x34,0x37,
  0x38,0x33,0x22,0x3e,0x3c,0x2f,0x70,0x61,0x74,0x68,0x3e,0x3c,0x2f,0x73,0x76,0x67,
  0x3e,
    // user.svg
  0x0,0x0,0x5,0xbe,
  0x3c,
  0x3f,0x78,0x6d,0x6c,0x20,0x76,0x65,0x72,0x73,0x69,0x6f,0x6e,0x3d,0x22,0x31,0x2e,
  0x30,0x22,0x20,0x73,0x74,0x61,0x6e,0x64,0x61,0x6c,0x6f,0x6e,0x65,0x3d,0x22,0x6e,
  0x6f,0x22,0x3f,0x3e,0x3c,0x21,0x44,0x4f,0x43,0x54,0x59,0x50,0x45,0x20,0x73,0x76,
  0x67,0x20,0x50,0x55,0x42,0x4c,0x49,0x43,0x20,0x22,0x2d,0x2f,0x2f,0x57,0x33,0x43,
  0x2f,0x2f,0x44,0x54,0x44,0x20,0x53,0x56,0x47,0x20,0x31,0x2e,0x31,0x2f,0x2f,0x45,
  0x4e,0x22,0x20,0x22,0x68,0x74,0x74,0x70,0x3a,0x2f,0x2f,0x77,0x77,0x77,0x2e,0x77,
  0x33,0x2e,0x6f,0x72,0x67,0x2f,0x47,0x72,0x61,0x70,0x68,0x69,0x63,0x73,0x2f,0x53,
  0x56,0x47,0x2f,0x31,0x2e,0x31,0x2f,0x44,0x54,0x44,0x2f,0x73,0x76,0x67,0x31,0x31,
  0x2e,0x64,0x74,0x64,0x22,0x3e,0x3c,0x73,0x76,0x67,0x20,0x74,0x3d,0x22,0x31,0x37,
  0x36,0x30,0x36,0x31,0x39,0x39,0x35,0x39,0x33,0x33,0x34,0x22,0x20,0x63,0x6c,0x61,
  0x73,0x73,0x3d,0x22,0x69,0x63,0x6f,0x6e,0x22,0x20,0x76,0x69,0x65,0x77,0x42,0x6f,
  0x78,0x3d,0x22,0x30,0x20,0x30,0x20,0x31,0x30,0x32,0x34,0x20,0x31,0x30,0x32,0x34,
  0x22,0x20,0x76,0x65,0x72,0x73,0x69,0x6f,0x6e,0x3d,0x22,0x31,0x2e,0x31,0x22,0x20,
  0x78,0x6d,0x6c,0x6e,0x73,0x3d,0x22,0x68,0x74,0x74,0x70,0x3a,0x2f,0x2f,0x77,0x77,
  0x77,0x2e,0x77,0x33,0x2e,0x6f,0x72,0x67,0x2f,0x32,0x30,0x30,0x30,0x2f,0x73,0x76,
  0x67,0x22,0x20,0x70,0x2d,0x69,0x64,0x3d,0x22,0x31,0x39,0x36,0x32,0x22,0x20,0x78,
  0x6d,0x6c,0x6e,0x73,0x3a,0x78,0x6c,0x69,0x6e,0x6b,0x3d,0x22,0x68,0x74,0x74,0x70,
  0x3a,0x2f,0x2f,0x77,0x77,0x77,0x2e,0x77,0x33,0x2e,0x6f,0x72,0x67,0x2f,0x31,0x39,
  0x39,0x39,0x2f,0x78,0x6c,0x69,0x6e,0x6b,0x22,0x20,0x77,0x69,0x64,0x74,0x68,0x3d,
  0x22,0x32,0x30,0x30,0x22,0x20,0x68,0x65,0x69,0x67,0x68,0x74,0x3d,0x22,0x32,0x30,
  0x30,0x22,0x3e,0x3c,0x70,0x61,0x74,0x68,0x20,0x64,0x3d,0x22,0x4d,0x35,0x31,0x32,
  0x20,0x35,0x31,0x32,0x63,0x35,0x34,0x2e,0x36,0x35,0x36,0x2d,0x31,0x2e,0x33,0x34,
  0x34,0x20,0x31,0x30,0x30,0x2e,0x30,0x33,0x32,0x2d,0x32,0x30,0x2e,0x30,0x33,0x32,
  0x20,0x31,0x33,0x36,0x2d,0x35,0x36,0x53,0x37,0x30,0x32,0x2e,0x36,0x35,0x36,0x20,
  0x33,0x37,0x34,0x2e,0x37,0x32,0x20,0x37,0x30,0x34,0x20,0x33,0x32,0x30,0x63,0x2d,
  0x31,0x2e,0x33,0x34,0x34,0x2d,0x35,0x34,0x2e,0x36,0x35,0x36,0x2d,0x32,0x30,0x2e,
  0x30,0x33,0x32,0x2d,0x31,0x30,0x30,0x2e,0x30,0x33,0x32,0x2d,0x35,0x36,0x2d,0x31,
  0x33,0x36,0x53,0x35,0x36,0x36,0x2e,0x37,0x32,0x20,0x31,0x32,0x39,0x2e,0x33,0x34,
  0x34,0x20,0x35,0x31,0x32,0x20,0x31,0x32,0x38,0x63,0x2d,0x35,0x34,0x2e,0x36,0x35,
  0x36,0x20,0x31,0x2e,0x33,0x34,0x34,0x2d,0x31,0x30,0x30,0x2e,0x30,0x33,0x32,0x20,
  0x32,0x30,0x2e,0x30,0x33,0x32,0x2d,0x31,0x33,0x36,0x20,0x35,0x36,0x53,0x33,0x32,
  0x31,0x2e,0x33,0x34,0x34,0x20,0x32,0x36,0x35,0x2e,0x32,0x38,0x20,0x33,0x32,0x30,
  0x20,0x33,0x32,0x30,0x63,0x31,0x2e,0x33,0x34,0x34,0x20,0x35,0x34,0x2e,0x36,0x35,
  0x36,0x20,0x32,0x30,0x2e,0x30,0x33,0x32,0x20,0x31,0x30,0x30,0x2e,0x30,0x33,0x32,
  0x20,0x35,0x36,0x20,0x31,0x33,0x36,0x53,0x34,0x35,0x37,0x2e,0x32,0x38,0x20,0x35,
  0x31,0x30,0x2e,0x36,0x35,0x36,0x20,0x35,0x31,0x32,0x20,0x35,0x31,0x32,0x7a,0x20,
  0x6d,0x30,0x20,0x36,0x34,0x63,0x2d,0x37,0x32,0x2e,0x36,0x34,0x2d,0x31,0x2e,0x39,
  0x38,0x34,0x2d,0x31,0x33,0x32,0x2e,0x39,0x39,0x32,0x2d,0x32,0x37,0x2e,0x30,0x30,
  0x38,0x2d,0x31,0x38,0x30,0x2e,0x39,0x39,0x32,0x2d,0x37,0x35,0x2e,0x30,0x30,0x38,
  0x53,0x32,0x35,0x38,0x2e,0x30,0x34,0x38,0x20,0x33,0x39,0x32,0x2e,0x36,0x34,0x20,
  0x32,0x35,0x36,0x20,0x33,0x32,0x30,0x63,0x31,0x2e,0x39,0x38,0x34,0x2d,0x37,0x32,
  0x2e,0x36,0x34,0x20,0x32,0x37,0x2e,0x30,0x30,0x38,0x2d,0x31,0x33,0x32,0x2e,0x39,
  0x39,0x32,0x20,0x37,0x35,0x2e,0x30,0x30,0x38,0x2d,0x31,0x38,0x30,0x2e,0x39,0x39,
  0x32,0x53,0x34,0x33,0x39,0x2e,0x33,0x36,0x20,0x36,0x36,0x2e,0x30,0x34,0x38,0x20,
  0x35,0x31,0x32,0x20,0x36,0x34,0x63,0x37,0x32,0x2e,0x36,0x34,0x20,0x31,0x2e,0x39,
  0x38,0x34,0x20,0x31,0x33,0x32,0x2e,0x39,0x39,0x32,0x20,0x32,0x37,0x2e,0x30,0x30,
  0x38,0x20,0x31,0x38,0x30,0x2e,0x39,0x39,0x32,0x20,0x37,0x35,0x2e,0x30,0x30,0x38,
  0x53,0x37,0x36,0x35,0x2e,0x39,0x35,0x32,0x20,0x32,0x34,0x37,0x2e,0x33,0x36,0x20,
  0x37,0x36,0x38,0x20,0x33,0x32,0x30,0x63,0x2d,0x31,0x2e,0x39,0x38,0x34,0x20,0x37,
  0x32,0x2e,0x36,0x34,0x2d,0x32,0x37,0x2e,0x30,0x30,0x38,0x20,0x31,0x33,0x32,0x2e,
  0x39,0x39,0x32,0x2d,0x37,0x35,0x2e,0x30,0x30,0x38,0x20,0x31,0x38,0x30,0x2e,0x39,
  0x39,0x32,0x53,0x35,0x38,0x34,0x2e,0x36,0x34,0x20,0x35,0x37,0x33,0x2e,0x39,0x35,
  0x32,0x20,0x35,0x31,0x32,0x20,0x35,0x37,0x36,0x7a,0x20,0x6d,0x33,0x32,0x30,0x20,
  0x33,0x32,0x30,0x76,0x2d,0x39,0x36,0x63,0x2d,0x30,0x2e,0x36,0x34,0x2d,0x32,0x37,
  0x2e,0x33,0x32,0x38,0x2d,0x39,0x2e,0x39,0x38,0x34,0x2d,0x34,0x39,0x2e,0x39,0x38,
  0x34,0x2d,0x32,0x38,0x2e,0x30,0x33,0x32,0x2d,0x36,0x38,0x2e,0x30,0x33,0x32,0x2d,
  0x31,0x37,0x2e,0x39,0x32,0x2d,0x31,0x37,0x2e,0x39,0x32,0x2d,0x34,0x30,0x2e,0x36,
  0x34,0x2d,0x32,0x37,0x2e,0x33,0x32,0x38,0x2d,0x36,0x37,0x2e,0x39,0x36,0x38,0x2d,
  0x32,0x37,0x2e,0x39,0x36,0x38,0x68,0x2d,0x34,0x34,0x38,0x63,0x2d,0x32,0x37,0x2e,
  0x33,0x32,0x38,0x20,0x30,0x2e,0x36,0x34,0x2d,0x34,0x39,0x2e,0x39,0x38,0x34,0x20,
  0x39,0x2e,0x39,0x38,0x34,0x2d,0x36,0x38,0x2e,0x30,0x33,0x32,0x20,0x32,0x38,0x2e,
  0x30,0x33,0x32,0x2d,0x31,0x37,0x2e,0x39,0x32,0x20,0x31,0x37,0x2e,0x39,0x32,0x2d,
  0x32,0x37,0x2e,0x33,0x32,0x38,0x20,0x34,0x30,0x2e,0x36,0x34,0x2d,0x32,0x37,0x2e,
  0x39,0x36,0x38,0x20,0x36,0x37,0x2e,0x39,0x36,0x38,0x56,0x38,0x39,0x36,0x61,0x33,
  0x31,0x2e,0x31,0x36,0x38,0x20,0x33,0x31,0x2e,0x31,0x36,0x38,0x20,0x30,0x20,0x30,
  0x20,0x31,0x2d,0x38,0x2e,0x39,0x36,0x20,0x32,0x33,0x2e,0x30,0x34,0x20,0x33,0x31,
  0x2e,0x31,0x36,0x38,0x20,0x33,0x31,0x2e,0x31,0x36,0x38,0x20,0x30,0x20,0x30,0x20,
  0x31,0x2d,0x32,0x33,0x2e,0x30,0x34,0x20,0x38,0x2e,0x39,0x36,0x20,0x33,0x31,0x2e,
  0x31,0x36,0x38,0x20,0x33,0x31,0x2e,0x31,0x36,0x38,0x20,0x30,0x20,0x30,0x20,0x31,
  0x2d,0x32,0x33,0x2e,0x30,0x34,0x2d,0x38,0x2e,0x39,0x36,0x41,0x33,0x31,0x2e,0x31,
  0x36,0x38,0x20,0x33,0x31,0x2e,0x31,0x36,0x38,0x20,0x30,0x20,0x30,0x20,0x31,0x20,
  0x31,0x32,0x38,0x20,0x38,0x39,0x36,0x76,0x2d,0x39,0x36,0x63,0x31,0x2e,0x33,0x34,
  0x34,0x2d,0x34,0x35,0x2e,0x33,0x31,0x32,0x20,0x31,0x37,0x2e,0x30,0x32,0x34,0x2d,
  0x38,0x33,0x2e,0x30,0x30,0x38,0x20,0x34,0x36,0x2e,0x39,0x37,0x36,0x2d,0x31,0x31,
  0x33,0x2e,0x30,0x32,0x34,0x20,0x33,0x30,0x2e,0x30,0x38,0x2d,0x32,0x39,0x2e,0x39,
  0x35,0x32,0x20,0x36,0x37,0x2e,0x37,0x31,0x32,0x2d,0x34,0x35,0x2e,0x36,0x33,0x32,
  0x20,0x31,0x31,0x33,0x2e,0x30,0x32,0x34,0x2d,0x34,0x36,0x2e,0x39,0x37,0x36,0x68,
  0x34,0x34,0x38,0x63,0x34,0x35,0x2e,0x33,0x31,0x32,0x20,0x31,0x2e,0x33,0x34,0x34,
  0x20,0x38,0x33,0x2e,0x30,0x30,0x38,0x20,0x31,0x37,0x2e,0x30,0x32,0x34,0x20,0x31,
  0x31,0x32,0x2e,0x39,0x36,0x20,0x34,0x36,0x2e,0x39,0x37,0x36,0x20,0x33,0x30,0x2e,
  0x30,0x38,0x20,0x33,0x30,0x2e,0x30,0x38,0x20,0x34,0x35,0x2e,0x36,0x39,0x36,0x20,
  0x36,0x37,0x2e,0x37,0x31,0x32,0x20,0x34,0x37,0x2e,0x30,0x34,0x20,0x31,0x31,0x33,
  0x2e,0x30,0x32,0x34,0x56,0x38,0x39,0x36,0x61,0x33,0x31,0x2e,0x31,0x36,0x38,0x20,
  0x33,0x31,0x2e,0x31,0x36,0x38,0x20,0x30,0x20,0x30,0x20,0x31,0x2d,0x38,0x2e,0x39,
  0x36,0x20,0x32,0x33,0x2e,0x30,0x34,0x20,0x33,0x31,0x2e,0x31,0x36,0x38,0x20,0x33,
  0x31,0x2e,0x31,0x36,0x38,0x20,0x30,0x20,0x30,0x20,0x31,0x2d,0x32,0x33,0x2e,0x30,
  0x34,0x20,0x38,0x2e,0x39,0x36,0x20,0x33,0x31,0x2e,0x31,0x36,0x38,0x20,0x33,0x31,
  0x2e,0x31,0x36,0x38,0x20,0x30,0x20,0x30,0x20,0x31,0x2d,0x32,0x33,0x2e,0x30,0x34,
  0x2d,0x38,0x2e,0x39,0x36,0x41,0x33,0x31,0x2e,0x31,0x36,0x38,0x20,0x33,0x31,0x2e,
  0x31,0x36,0x38,0x20,0x30,0x20,0x30,0x20,0x31,0x20,0x38,0x33,0x32,0x20,0x38,0x39,
  0x36,0x7a,0x22,0x20,0x70,0x2d,0x69,0x64,0x3d,0x22,0x31,0x39,0x36,0x33,0x22,0x3e,
  0x3c,0x2f,0x70,0x61,0x74,0x68,0x3e,0x3c,0x2f,0x73,0x76,0x67,0x3e,
    // setting-in.svg
  0x0,0x0,0x8,0x1c,
  0x3c,
  0x3f,0x78,0x6d,0x6c,0x20,0x76,0x65,0x72,0x73,0x69,0x6f,0x6e,0x3d,0x22,0x31,0x2e,
  0x30,0x22,0x20,0x73,0x74,0x61,0x6e,0x64,0x61,0x6c,0x6f,0x6e,0x65,0x3d,0x22,0x6e,
  0x6f,0x22,0x3f,0x3e,0x3c,0x21,0x44,0x4f,0x43,0x54,0x59,0x50,0x45,0x20,0x73,0x76,
  0x67,0x20,0x50,0x55,0x42,0x4c,0x49,0x43,0x20,0x22,0x2d,0x2f,0x2f,0x57,0x33,0x43,
  0x2f,0x2f,0x44,0x54,0x44,0x20,0x53,0x56,0x47,0x20,0x31,0x2e,0x31,0x2f,0x2f,0x45,
  0x4e,0x22,0x20,0x22,0x68,0x74,0x74,0x70,0x3a,0x2f,0x2f,0x77,0x77,0x77,0x2e,0x77,
  0x33,0x2e,0x6f,0x72,0x67,0x2f,0x47,0x72,0x61,0x70,0x68,0x69,0x63,0x73,0x2f,0x53,
  0x56,0x47,0x2f,0x31,0x2e,0x31,0x2f,0x44,0x54,0x44,0x2f,0x73,0x76,0x67,0x31,0x31,
  0x2e,0x64,0x74,0x64,0x22,0x3e,0x3c,0x73,0x76,0x67,0x20,0x74,0x3d,0x22,0x31,0x37,
  0x36,0x30,0x36,0x31,0x39,0x39,0x36,0x33,0x32,0x35,0x32,0x22,0x20,0x63,0x6c,0x61,
  0x73,0x73,0x3d,0x22,0x69,0x63,0x6f,0x6e,0x22,0x20,0x76,0x69,0x65,0x77,0x42,0x6f,
  0x78,0x3d,0x22,0x30,0x20,0x30,0x20,0x31,0x30,0x32,0x34,0x20,0x31,0x30,0x32,0x34,
  0x22,0x20,0x76,0x65,0x72,0x73,0x69,0x6f,0x6e,0x3d,0x22,0x31,0x2e,0x31,0x22,0x20,
  0x78,0x6d,0x6c,0x6e,0x73,0x3d,0x22,0x68,0x74,0x74,0x70,0x3a,0x2f,0x2f,0x77,0x77,
  0x77,0x2e,0x77,0x33,0x2e,0x6f,0x72,0x67,0x2f,0x32,0x30,0x30,0x30,0x2f,0x73,0x76,
  0x67,0x22,0x20,0x70,0x2d,0x69,0x64,0x3d,0x22,0x32,0x31,0x33,0x31,0x22,0x20,0x78,
  0x6d,0x6c,0x6e,0x73,0x3a,0x78,0x6c,0x69,0x6e,0x6b,0x3d,0x22,0x68,0x74,0x74,0x70,
  0x3a,0x2f,0x2f,0x77,0x77,0x77,0x2e,0x77,0x33,0x2e,0x6f,0x72,0x67,0x2f,0x31,0x39,
  0x39,0x39,0x2f,0x78,0x6c,0x69,0x6e,0x6b,0x22,0x20,0x77,0x69,0x64,0x74,0x68,0x3d,
  0x22,0x32,0x30,0x30,0x22,0x20,0x68,0x65,0x69,0x67,0x68,0x74,0x3d,0x22,0x32,0x30,
  0x30,0x22,0x3e,0x3c,0x70,0x61,0x74,0x68,0x20,0x64,0x3d,0x22,0x4d,0x38,0x39,0x30,
  0x2e,0x35,0x33,0x38,0x39,0x33,0x20,0x35,0x35,0x39,0x2e,0x35,0x36,0x39,0x39,0x34,
  0x36,0x63,0x32,0x2e,0x31,0x31,0x34,0x35,0x37,0x35,0x2d,0x31,0x36,0x2e,0x32,0x39,
  0x34,0x30,0x32,0x31,0x20,0x33,0x2e,0x34,0x38,0x32,0x36,0x35,0x33,0x2d,0x33,0x32,
  0x2e,0x35,0x38,0x37,0x30,0x34,0x32,0x20,0x33,0x2e,0x34,0x38,0x32,0x36,0x35,0x33,
  0x2d,0x34,0x39,0x2e,0x39,0x39,0x39,0x33,0x30,0x39,0x20,0x30,0x2d,0x31,0x37,0x2e,
  0x32,0x38,0x38,0x33,0x35,0x31,0x2d,0x31,0x2e,0x36,0x31,0x36,0x39,0x31,0x2d,0x33,
  0x33,0x2e,0x35,0x38,0x32,0x33,0x37,0x31,0x2d,0x33,0x2e,0x34,0x38,0x32,0x36,0x35,
  0x33,0x2d,0x34,0x39,0x2e,0x39,0x39,0x39,0x33,0x30,0x39,0x6c,0x31,0x30,0x37,0x2e,
  0x34,0x36,0x31,0x35,0x38,0x39,0x2d,0x38,0x34,0x2e,0x30,0x37,0x38,0x33,0x34,0x36,
  0x63,0x39,0x2e,0x37,0x30,0x31,0x34,0x36,0x33,0x2d,0x37,0x2e,0x35,0x38,0x37,0x38,
  0x38,0x37,0x20,0x31,0x32,0x2e,0x33,0x31,0x33,0x37,0x30,0x33,0x2d,0x32,0x31,0x2e,
  0x33,0x39,0x33,0x35,0x38,0x34,0x20,0x36,0x2e,0x30,0x39,0x34,0x38,0x39,0x33,0x2d,
  0x33,0x32,0x2e,0x35,0x38,0x38,0x30,0x34,0x31,0x6c,0x2d,0x31,0x30,0x31,0x2e,0x38,
  0x36,0x34,0x33,0x36,0x31,0x2d,0x31,0x37,0x36,0x2e,0x32,0x34,0x31,0x32,0x34,0x34,
  0x63,0x2d,0x36,0x2e,0x30,0x39,0x34,0x38,0x39,0x33,0x2d,0x31,0x31,0x2e,0x31,0x39,
  0x32,0x34,0x35,0x38,0x2d,0x31,0x39,0x2e,0x39,0x30,0x30,0x35,0x39,0x2d,0x31,0x35,
  0x2e,0x32,0x39,0x37,0x36,0x39,0x32,0x2d,0x33,0x31,0x2e,0x30,0x39,0x34,0x30,0x34,
  0x38,0x2d,0x31,0x31,0x2e,0x31,0x39,0x32,0x34,0x35,0x38,0x6c,0x2d,0x31,0x32,0x36,
  0x2e,0x38,0x36,0x34,0x35,0x31,0x35,0x20,0x35,0x30,0x2e,0x39,0x39,0x33,0x36,0x33,
  0x39,0x63,0x2d,0x32,0x36,0x2e,0x34,0x39,0x32,0x31,0x34,0x39,0x2d,0x32,0x30,0x2e,
  0x33,0x39,0x37,0x32,0x35,0x36,0x2d,0x35,0x35,0x2e,0x30,0x39,0x38,0x38,0x37,0x33,
  0x2d,0x33,0x37,0x2e,0x31,0x38,0x37,0x39,0x34,0x32,0x2d,0x38,0x36,0x2e,0x30,0x36,
  0x38,0x30,0x30,0x35,0x2d,0x34,0x39,0x2e,0x39,0x39,0x39,0x33,0x30,0x39,0x4c,0x36,
  0x33,0x38,0x2e,0x38,0x30,0x31,0x35,0x35,0x38,0x20,0x32,0x31,0x2e,0x33,0x39,0x32,
  0x35,0x38,0x35,0x43,0x36,0x33,0x37,0x2e,0x31,0x38,0x35,0x36,0x34,0x36,0x20,0x39,
  0x2e,0x30,0x37,0x39,0x38,0x38,0x32,0x20,0x36,0x32,0x36,0x2e,0x36,0x31,0x32,0x37,
  0x37,0x31,0x20,0x30,0x20,0x36,0x31,0x33,0x2e,0x38,0x30,0x32,0x34,0x30,0x33,0x20,
  0x30,0x48,0x34,0x30,0x39,0x2e,0x39,0x34,0x38,0x37,0x36,0x35,0x63,0x2d,0x31,0x32,
  0x2e,0x36,0x38,0x36,0x34,0x35,0x32,0x20,0x30,0x2d,0x32,0x33,0x2e,0x33,0x38,0x34,
  0x32,0x34,0x33,0x20,0x39,0x2e,0x32,0x30,0x33,0x37,0x39,0x38,0x2d,0x32,0x35,0x2e,
  0x30,0x30,0x30,0x31,0x35,0x34,0x20,0x32,0x31,0x2e,0x33,0x39,0x32,0x35,0x38,0x35,
  0x6c,0x2d,0x31,0x39,0x2e,0x34,0x30,0x32,0x39,0x32,0x36,0x20,0x31,0x33,0x35,0x2e,
  0x30,0x37,0x32,0x39,0x38,0x34,0x63,0x2d,0x33,0x31,0x2e,0x30,0x39,0x34,0x30,0x34,
  0x38,0x20,0x31,0x32,0x2e,0x36,0x38,0x36,0x34,0x35,0x32,0x2d,0x35,0x39,0x2e,0x35,
  0x37,0x35,0x38,0x35,0x36,0x20,0x33,0x30,0x2e,0x30,0x39,0x39,0x37,0x31,0x38,0x2d,
  0x38,0x36,0x2e,0x30,0x36,0x38,0x30,0x30,0x35,0x20,0x34,0x39,0x2e,0x39,0x39,0x39,
  0x33,0x30,0x39,0x6c,0x2d,0x31,0x32,0x36,0x2e,0x38,0x36,0x34,0x35,0x31,0x35,0x2d,
  0x35,0x30,0x2e,0x39,0x39,0x34,0x36,0x33,0x38,0x63,0x2d,0x31,0x31,0x2e,0x38,0x31,
  0x35,0x30,0x33,0x39,0x2d,0x34,0x2e,0x36,0x30,0x31,0x38,0x39,0x39,0x2d,0x32,0x34,
  0x2e,0x39,0x39,0x39,0x31,0x35,0x35,0x20,0x30,0x2d,0x33,0x31,0x2e,0x30,0x39,0x34,
  0x30,0x34,0x38,0x20,0x31,0x31,0x2e,0x31,0x39,0x34,0x34,0x35,0x37,0x4c,0x31,0x39,
  0x2e,0x36,0x35,0x35,0x37,0x35,0x35,0x20,0x33,0x34,0x32,0x2e,0x39,0x30,0x35,0x39,
  0x34,0x63,0x2d,0x36,0x2e,0x37,0x31,0x35,0x34,0x37,0x35,0x20,0x31,0x31,0x2e,0x31,
  0x39,0x33,0x34,0x35,0x38,0x2d,0x33,0x2e,0x34,0x38,0x31,0x36,0x35,0x34,0x20,0x32,
  0x34,0x2e,0x39,0x39,0x39,0x31,0x35,0x35,0x20,0x36,0x2e,0x30,0x39,0x34,0x38,0x39,
  0x33,0x20,0x33,0x32,0x2e,0x35,0x38,0x37,0x30,0x34,0x32,0x6c,0x31,0x30,0x37,0x2e,
  0x34,0x36,0x31,0x35,0x39,0x20,0x38,0x34,0x2e,0x30,0x37,0x38,0x33,0x34,0x36,0x63,
  0x2d,0x32,0x2e,0x31,0x31,0x34,0x35,0x37,0x35,0x20,0x31,0x36,0x2e,0x32,0x39,0x33,
  0x30,0x32,0x31,0x2d,0x33,0x2e,0x34,0x38,0x32,0x36,0x35,0x33,0x20,0x33,0x33,0x2e,
  0x30,0x38,0x33,0x37,0x30,0x37,0x2d,0x33,0x2e,0x34,0x38,0x32,0x36,0x35,0x33,0x20,
  0x34,0x39,0x2e,0x39,0x39,0x39,0x33,0x30,0x39,0x20,0x30,0x20,0x31,0x36,0x2e,0x39,
  0x31,0x34,0x36,0x30,0x32,0x20,0x31,0x2e,0x36,0x31,0x36,0x39,0x31,0x20,0x33,0x33,
  0x2e,0x35,0x38,0x31,0x33,0x37,0x32,0x20,0x33,0x2e,0x34,0x38,0x32,0x36,0x35,0x33,
  0x20,0x34,0x39,0x2e,0x39,0x39,0x39,0x33,0x30,0x39,0x4c,0x32,0x35,0x2e,0x36,0x32,
  0x36,0x37,0x33,0x32,0x20,0x36,0x34,0x33,0x2e,0x36,0x34,0x38,0x32,0x39,0x32,0x43,
  0x31,0x35,0x2e,0x39,0x32,0x34,0x32,0x37,0x20,0x36,0x35,0x31,0x2e,0x32,0x33,0x35,
  0x31,0x37,0x39,0x20,0x31,0x33,0x2e,0x33,0x31,0x33,0x30,0x32,0x39,0x20,0x36,0x36,
  0x35,0x2e,0x30,0x34,0x30,0x38,0x37,0x37,0x20,0x31,0x39,0x2e,0x35,0x33,0x31,0x38,
  0x33,0x39,0x20,0x36,0x37,0x36,0x2e,0x32,0x33,0x34,0x33,0x33,0x34,0x6c,0x31,0x30,
  0x31,0x2e,0x38,0x36,0x34,0x33,0x36,0x31,0x20,0x31,0x37,0x36,0x2e,0x32,0x34,0x31,
  0x32,0x34,0x34,0x63,0x36,0x2e,0x30,0x39,0x33,0x38,0x39,0x34,0x20,0x31,0x31,0x2e,
  0x31,0x39,0x34,0x34,0x35,0x37,0x20,0x31,0x39,0x2e,0x39,0x30,0x30,0x35,0x39,0x20,
  0x31,0x35,0x2e,0x32,0x39,0x38,0x36,0x39,0x31,0x20,0x33,0x31,0x2e,0x30,0x39,0x34,
  0x30,0x34,0x38,0x20,0x31,0x31,0x2e,0x31,0x39,0x34,0x34,0x35,0x37,0x6c,0x31,0x32,
  0x36,0x2e,0x38,0x36,0x34,0x35,0x31,0x35,0x2d,0x35,0x30,0x2e,0x39,0x39,0x35,0x36,
  0x33,0x38,0x63,0x32,0x36,0x2e,0x34,0x39,0x32,0x31,0x34,0x39,0x20,0x32,0x30,0x2e,
  0x33,0x39,0x38,0x32,0x35,0x35,0x20,0x35,0x35,0x2e,0x30,0x39,0x37,0x38,0x37,0x34,
  0x20,0x33,0x37,0x2e,0x31,0x38,0x39,0x39,0x34,0x20,0x38,0x36,0x2e,0x30,0x36,0x38,
  0x30,0x30,0x35,0x20,0x35,0x30,0x2e,0x30,0x30,0x30,0x33,0x30,0x39,0x6c,0x31,0x39,
  0x2e,0x34,0x30,0x31,0x39,0x32,0x36,0x20,0x31,0x33,0x35,0x2e,0x30,0x37,0x32,0x39,
  0x38,0x34,0x63,0x31,0x2e,0x36,0x31,0x36,0x39,0x31,0x20,0x31,0x32,0x2e,0x31,0x38,
  0x38,0x37,0x38,0x37,0x20,0x31,0x32,0x2e,0x31,0x38,0x39,0x37,0x38,0x36,0x20,0x32,
  0x31,0x2e,0x33,0x39,0x32,0x35,0x38,0x35,0x20,0x32,0x35,0x2e,0x30,0x30,0x30,0x31,
  0x35,0x34,0x20,0x32,0x31,0x2e,0x33,0x39,0x32,0x35,0x38,0x35,0x68,0x32,0x30,0x33,
  0x2e,0x38,0x35,0x32,0x36,0x33,0x39,0x63,0x31,0x32,0x2e,0x36,0x38,0x36,0x34,0x35,
  0x32,0x20,0x30,0x20,0x32,0x33,0x2e,0x33,0x38,0x33,0x32,0x34,0x34,0x2d,0x39,0x2e,
  0x32,0x30,0x33,0x37,0x39,0x38,0x20,0x32,0x35,0x2e,0x30,0x30,0x30,0x31,0x35,0x34,
  0x2d,0x32,0x31,0x2e,0x33,0x39,0x32,0x35,0x38,0x35,0x6c,0x31,0x39,0x2e,0x34,0x30,
  0x31,0x39,0x32,0x36,0x2d,0x31,0x33,0x35,0x2e,0x30,0x37,0x32,0x39,0x38,0x34,0x63,
  0x33,0x31,0x2e,0x30,0x39,0x34,0x30,0x34,0x38,0x2d,0x31,0x32,0x2e,0x36,0x38,0x36,
  0x34,0x35,0x32,0x20,0x35,0x39,0x2e,0x35,0x37,0x36,0x38,0x35,0x35,0x2d,0x33,0x30,
  0x2e,0x30,0x39,0x39,0x37,0x31,0x38,0x20,0x38,0x36,0x2e,0x30,0x36,0x39,0x30,0x30,
  0x35,0x2d,0x34,0x39,0x2e,0x39,0x39,0x39,0x33,0x31,0x6c,0x31,0x32,0x36,0x2e,0x38,
  0x36,0x34,0x35,0x31,0x35,0x20,0x35,0x30,0x2e,0x39,0x39,0x34,0x36,0x33,0x39,0x63,
  0x31,0x31,0x2e,0x38,0x31,0x35,0x30,0x33,0x39,0x20,0x34,0x2e,0x36,0x30,0x31,0x38,
  0x39,0x39,0x20,0x32,0x34,0x2e,0x39,0x39,0x39,0x31,0x35,0x35,0x20,0x30,0x20,0x33,
  0x31,0x2e,0x30,0x39,0x33,0x30,0x34,0x39,0x2d,0x31,0x31,0x2e,0x31,0x39,0x34,0x34,
  0x35,0x37,0x4c,0x31,0x30,0x30,0x33,0x2e,0x39,0x37,0x30,0x34,0x39,0x36,0x20,0x36,
  0x37,0x36,0x2e,0x32,0x33,0x34,0x33,0x33,0x34,0x63,0x36,0x2e,0x30,0x39,0x34,0x38,
  0x39,0x33,0x2d,0x31,0x31,0x2e,0x31,0x39,0x33,0x34,0x35,0x38,0x20,0x33,0x2e,0x34,
  0x38,0x32,0x36,0x35,0x33,0x2d,0x32,0x34,0x2e,0x39,0x39,0x39,0x31,0x35,0x35,0x2d,
  0x36,0x2e,0x30,0x39,0x33,0x38,0x39,0x33,0x2d,0x33,0x32,0x2e,0x35,0x38,0x36,0x30,
  0x34,0x32,0x6c,0x2d,0x31,0x30,0x37,0x2e,0x33,0x33,0x37,0x36,0x37,0x33,0x2d,0x38,
  0x34,0x2e,0x30,0x37,0x38,0x33,0x34,0x36,0x7a,0x4d,0x35,0x31,0x31,0x2e,0x39,0x33,
  0x38,0x30,0x34,0x32,0x20,0x36,0x38,0x38,0x2e,0x30,0x35,0x30,0x33,0x37,0x32,0x63,
  0x2d,0x39,0x38,0x2e,0x33,0x38,0x31,0x37,0x30,0x38,0x20,0x30,0x2d,0x31,0x37,0x38,
  0x2e,0x33,0x35,0x35,0x38,0x31,0x39,0x2d,0x37,0x39,0x2e,0x39,0x37,0x34,0x31,0x31,
  0x31,0x2d,0x31,0x37,0x38,0x2e,0x33,0x35,0x35,0x38,0x31,0x39,0x2d,0x31,0x37,0x38,
  0x2e,0x33,0x35,0x35,0x38,0x31,0x39,0x73,0x37,0x39,0x2e,0x39,0x37,0x34,0x31,0x31,
  0x31,0x2d,0x31,0x37,0x38,0x2e,0x33,0x35,0x35,0x38,0x31,0x39,0x20,0x31,0x37,0x38,
  0x2e,0x33,0x35,0x35,0x38,0x31,0x39,0x2d,0x31,0x37,0x38,0x2e,0x33,0x35,0x35,0x38,
  0x31,0x38,0x53,0x36,0x39,0x30,0x2e,0x32,0x39,0x33,0x38,0x36,0x31,0x20,0x34,0x31,
  0x31,0x2e,0x33,0x31,0x32,0x38,0x34,0x36,0x20,0x36,0x39,0x30,0x2e,0x32,0x39,0x33,
  0x38,0x36,0x31,0x20,0x35,0x30,0x39,0x2e,0x36,0x39,0x34,0x35,0x35,0x33,0x73,0x2d,
  0x37,0x39,0x2e,0x39,0x37,0x34,0x31,0x31,0x31,0x20,0x31,0x37,0x38,0x2e,0x33,0x35,
  0x35,0x38,0x31,0x39,0x2d,0x31,0x37,0x38,0x2e,0x33,0x35,0x35,0x38,0x31,0x39,0x20,
  0x31,0x37,0x38,0x2e,0x33,0x35,0x35,0x38,0x31,0x39,0x7a,0x20,0x6d,0x30,0x20,0x30,
  0x22,0x20,0x70,0x2d,0x69,0x64,0x3d,0x22,0x32,0x31,0x33,0x32,0x22,0x3e,0x3c,0x2f,
  0x70,0x61,0x74,0x68,0x3e,0x3c,0x2f,0x73,0x76,0x67,0x3e,
    // file-in.svg
  0x0,0x0,0x1,0xee,
  0x3c,
  0x3f,0x78,0x6d,0x6c,0x20,0x76,0x65,0x72,0x73,0x69,0x6f,0x6e,0x3d,0x22,0x31,0x2e,
  0x30,0x22,0x20,0x73,0x74,0x61,0x6e,0x64,0x61,0x6c,0x6f,0x6e,0x65,0x3d,0x22,0x6e,
  0x6f,0x22,0x3f,0x3e,0x3c,0x21,0x44,0x4f,0x43,0x54,0x59,0x50,0x45,0x20,0x73,0x76,
  0x67,0x20,0x50,0x55,0x42,0x4c,0x49,0x43,0x20,0x22,0x2d,0x2f,0x2f,0x57,0x33,0x43,
  0x2f,0x2f,0x44,0x54,0x44,0x20,0x53,0x56,0x47,0x20,0x31,0x2e,0x31,0x2f,0x2f,0x45,
  0x4e,0x22,0x20,0x22,0x68,0x74,0x74,0x70,0x3a,0x2f,0x2f,0x77,0x77,0x77,0x2e,0x77,
  0x33,0x2e,0x6f,0x72,0x67,0x2f,0x47,0x72,0x61,0x70,0x68,0x69,0x63,0x73,0x2f,0x53,
  0x56,0x47,0x2f,0x31,0x2e,0x31,0x2f,0x44,0x54,0x44,0x2f,0x73,0x76,0x67,0x31,0x31,
  0x2e,0x64,0x74,0x64,0x22,0x3e,0x3c,0x73,0x76,0x67,0x20,0x74,0x3d,0x22,0x31,0x37,
  0x36,0x30,0x36,0x31,0x39,0x39,0x39,0x34,0x33,0x35,0x35,0x22,0x20,0x63,0x6c,0x61,
  0x73,0x73,0x3d,0x22,0x69,0x63,0x6f,0x6e,0x22,0x20,0x76,0x69,0x65,0x77,0x42,0x6f,
  0x78,0x3d,0x22,0x30,0x20,0x30,0x20,0x31,0x30,0x32,0x34,0x20,0x31,0x30,0x32,0x34,
  0x22,0x20,0x76,0x65,0x72,0x73,0x69,0x6f,0x6e,0x3d,0x22,0x31,0x2e,0x31,0x22,0x20,
  0x78,0x6d,0x6c,0x6e,0x73,0x3d,0x22,0x68,0x74,0x74,0x70,0x3a,0x2f,0x2f,0x77,0x77,
  0x77,0x2e,0x77,0x33,0x2e,0x6f,0x72,0x67,0x2f,0x32,0x30,0x30,0x30,0x2f,0x73,0x76,
  0x67,0x22,0x20,0x70,0x2d,0x69,0x64,0x3d,0x22,0x33,0x32,0x38,0x30,0x22,0x20,0x78,
  0x6d,0x6c,0x6e,0x73,0x3a,0x78,0x6c,0x69,0x6e,0x6b,0x3d,0x22,0x68,0x74,0x74,0x70,
  0x3a,0x2f,0x2f,0x77,0x77,0x77,0x2e,0x77,0x33,0x2e,0x6f,0x72,0x67,0x2f,0x31,0x39,
  0x39,0x39,0x2f,0x78,0x6c,0x69,0x6e,0x6b,0x22,0x20,0x77,0x69,0x64,0x74,0x68,0x3d,
  0x22,0x32,0x30,0x30,0x22,0x20,0x68,0x65,0x69,0x67,0x68,0x74,0x3d,0x22,0x32,0x30,
  0x30,0x22,0x3e,0x3c,0x70,0x61,0x74,0x68,0x20,0x64,0x3d,0x22,0x4d,0x35,0x31,0x32,
  0x20,0x31,0x36,0x33,0x2e,0x38,0x34,0x6c,0x33,0x36,0x38,0x2e,0x36,0x34,0x20,0x33,
  0x36,0x38,0x2e,0x36,0x34,0x68,0x2d,0x34,0x30,0x2e,0x39,0x36,0x76,0x32,0x38,0x36,
  0x2e,0x37,0x32,0x48,0x31,0x38,0x34,0x2e,0x33,0x32,0x76,0x2d,0x32,0x38,0x36,0x2e,
  0x37,0x32,0x48,0x31,0x34,0x33,0x2e,0x33,0x36,0x6c,0x33,0x36,0x38,0x2e,0x36,0x34,
  0x2d,0x33,0x36,0x38,0x2e,0x36,0x34,0x7a,0x20,0x6d,0x38,0x31,0x2e,0x39,0x32,0x20,
  0x32,0x38,0x36,0x2e,0x37,0x32,0x68,0x2d,0x31,0x36,0x33,0x2e,0x38,0x34,0x76,0x38,
  0x31,0x2e,0x39,0x32,0x68,0x31,0x36,0x33,0x2e,0x38,0x34,0x76,0x2d,0x38,0x31,0x2e,
  0x39,0x32,0x7a,0x22,0x20,0x66,0x69,0x6c,0x6c,0x3d,0x22,0x23,0x34,0x34,0x34,0x34,
  0x34,0x34,0x22,0x20,0x70,0x2d,0x69,0x64,0x3d,0x22,0x33,0x32,0x38,0x31,0x22,0x3e,
  0x3c,0x2f,0x70,0x61,0x74,0x68,0x3e,0x3c,0x2f,0x73,0x76,0x67,0x3e,
    // oExit-fullscreen.svg
  0x0,0x0,0x5,0x9c,
  0x3c,
  0x3f,0x78,0x6d,0x6c,0x20,0x76,0x65,0x72,0x73,0x69,0x6f,0x6e,0x3d,0x22,0x31,0x2e,
  0x30,0x22,0x20,0x73,0x74,0x61,0x6e,0x64,0x61,0x6c,0x6f,0x6e,0x65,0x3d,0x22,0x6e,
  0x6f,0x22,0x3f,0x3e,0x3c,0x21,0x44,0x4f,0x43,0x54,0x59,0x50,0x45,0x20,0x73,0x76,
  0x67,0x20,0x50,0x55,0x42,0x4c,0x49,0x43,0x20,0x22,0x2d,0x2f,0x2f,0x57,0x33,0x43,
  0x2f,0x2f,0x44,0x54,0x44,0x20,0x53,0x56,0x47,0x20,0x31,0x2e,0x31,0x2f,0x2f,0x45,
  0x4e,0x22,0x20,0x22,0x68,0x74,0x74,0x70,0x3a,0x2f,0x2f,0x77,0x77,0x77,0x2e,0x77,
  0x33,0x2e,0x6f,0x72,0x67,0x2f,0x47,0x72,0x61,0x70,0x68,0x69,0x63,0x73,0x2f,0x53,
  0x56,0x47,0x2f,0x31,0x2e,0x31,0x2f,0x44,0x54,0x44,0x2f,0x73,0x76,0x67,0x31,0x31,
  0x2e,0x64,0x74,0x64,0x22,0x3e,0x3c,0x73,0x76,0x67,0x20,0x74,0x3d,0x22,0x31,0x37,
  0x36,0x30,0x36,0x36,0x38,0x33,0x31,0x36,0x37,0x32,0x30,0x22,0x20,0x63,0x6c,0x61,
  0x73,0x73,0x3d,0x22,0x69,0x63,0x6f,0x6e,0x22,0x20,0x76,0x69,0x65,0x77,0x42,0x6f,
  0x78,0x3d,0x22,0x30,0x20,0x30,0x20,0x31,0x30,0x32,0x34,0x20,0x31,0x30,0x32,0x34,
  0x22,0x20,0x76,0x65,0x72,0x73,0x69,0x6f,0x6e,0x3d,0x22,0x31,0x2e,0x31,0x22,0x20,
  0x78,0x6d,0x6c,0x6e,0x73,0x3d,0x22,0x68,0x74,0x74,0x70,0x3a,0x2f,0x2f,0x77,0x77,
  0x77,0x2e,0x77,0x33,0x2e,0x6f,0x72,0x67,0x2f,0x32,0x30,0x30,0x30,0x2f,0x73,0x76,
  0x67,0x22,0x20,0x70,0x2d,0x69,0x64,0x3d,0x22,0x31,0x33,0x37,0x38,0x22,0x20,0x78,
  0x6d,0x6c,0x6e,0x73,0x3a,0x78,0x6c,0x69,0x6e,0x6b,0x3d,0x22,0x68,0x74,0x74,0x70,
  0x3a,0x2f,0x2f,0x77,0x77,0x77,0x2e,0x77,0x33,0x2e,0x6f,0x72,0x67,0x2f,0x31,0x39,
  0x39,0x39,0x2f,0x78,0x6c,0x69,0x6e,0x6b,0x22,0x20,0x77,0x69,0x64,0x74,0x68,0x3d,
  0x22,0x31,0x39,0x30,0x22,0x20,0x68,0x65,0x69,0x67,0x68,0x74,0x3d,0x22,0x31,0x39,
  0x30,0x22,0x3e,0x3c,0x70,0x61,0x74,0x68,0x20,0x64,0x3d,0x22,0x4d,0x31,0x34,0x34,
  0x20,0x36,0x31,0x32,0x68,0x31,0x34,0x30,0x63,0x36,0x39,0x2e,0x39,0x38,0x36,0x20,
  0x30,0x20,0x31,0x32,0x36,0x2e,0x38,0x35,0x33,0x20,0x35,0x36,0x2e,0x31,0x36,0x37,
  0x20,0x31,0x32,0x37,0x2e,0x39,0x38,0x33,0x20,0x31,0x32,0x35,0x2e,0x38,0x38,0x33,
  0x4c,0x34,0x31,0x32,0x20,0x37,0x34,0x30,0x76,0x31,0x34,0x30,0x63,0x30,0x20,0x31,
  0x37,0x2e,0x34,0x39,0x36,0x2d,0x31,0x34,0x2e,0x30,0x34,0x32,0x20,0x33,0x31,0x2e,
  0x37,0x31,0x33,0x2d,0x33,0x31,0x2e,0x34,0x37,0x20,0x33,0x31,0x2e,0x39,0x39,0x36,
  0x4c,0x33,0x38,0x30,0x20,0x39,0x31,0x32,0x63,0x2d,0x31,0x37,0x2e,0x34,0x39,0x36,
  0x20,0x30,0x2d,0x33,0x31,0x2e,0x37,0x31,0x33,0x2d,0x31,0x34,0x2e,0x30,0x34,0x32,
  0x2d,0x33,0x31,0x2e,0x39,0x39,0x36,0x2d,0x33,0x31,0x2e,0x34,0x37,0x4c,0x33,0x34,
  0x38,0x20,0x38,0x38,0x30,0x56,0x37,0x34,0x30,0x6c,0x2d,0x30,0x2e,0x30,0x30,0x39,
  0x2d,0x31,0x2e,0x30,0x35,0x38,0x63,0x2d,0x30,0x2e,0x35,0x36,0x2d,0x33,0x34,0x2e,
  0x35,0x31,0x2d,0x32,0x38,0x2e,0x34,0x33,0x32,0x2d,0x36,0x32,0x2e,0x33,0x38,0x2d,
  0x36,0x32,0x2e,0x39,0x34,0x33,0x2d,0x36,0x32,0x2e,0x39,0x33,0x34,0x4c,0x32,0x38,
  0x34,0x20,0x36,0x37,0x36,0x48,0x31,0x34,0x34,0x63,0x2d,0x31,0x37,0x2e,0x34,0x39,
  0x36,0x20,0x30,0x2d,0x33,0x31,0x2e,0x37,0x31,0x33,0x2d,0x31,0x34,0x2e,0x30,0x34,
  0x32,0x2d,0x33,0x31,0x2e,0x39,0x39,0x36,0x2d,0x33,0x31,0x2e,0x34,0x37,0x4c,0x31,
  0x31,0x32,0x20,0x36,0x34,0x34,0x63,0x30,0x2d,0x31,0x37,0x2e,0x34,0x39,0x36,0x20,
  0x31,0x34,0x2e,0x30,0x34,0x32,0x2d,0x33,0x31,0x2e,0x37,0x31,0x33,0x20,0x33,0x31,
  0x2e,0x34,0x37,0x2d,0x33,0x31,0x2e,0x39,0x39,0x36,0x4c,0x31,0x34,0x34,0x20,0x36,
  0x31,0x32,0x7a,0x20,0x6d,0x37,0x33,0x36,0x2e,0x35,0x20,0x30,0x63,0x31,0x37,0x2e,
  0x33,0x39,0x37,0x20,0x30,0x20,0x33,0x31,0x2e,0x35,0x20,0x31,0x34,0x2e,0x31,0x30,
  0x33,0x20,0x33,0x31,0x2e,0x35,0x20,0x33,0x31,0x2e,0x35,0x53,0x38,0x39,0x37,0x2e,
  0x38,0x39,0x37,0x20,0x36,0x37,0x35,0x20,0x38,0x38,0x30,0x2e,0x35,0x20,0x36,0x37,
  0x35,0x6c,0x2d,0x34,0x30,0x2e,0x35,0x2d,0x30,0x2e,0x30,0x30,0x31,0x56,0x36,0x37,
  0x36,0x48,0x37,0x34,0x30,0x63,0x2d,0x33,0x34,0x2e,0x39,0x39,0x33,0x20,0x30,0x2d,
  0x36,0x33,0x2e,0x34,0x32,0x36,0x20,0x32,0x38,0x2e,0x30,0x38,0x34,0x2d,0x36,0x33,
  0x2e,0x39,0x39,0x31,0x20,0x36,0x32,0x2e,0x39,0x34,0x32,0x4c,0x36,0x37,0x36,0x20,
  0x37,0x34,0x30,0x76,0x31,0x34,0x30,0x63,0x30,0x20,0x31,0x37,0x2e,0x34,0x39,0x36,
  0x2d,0x31,0x34,0x2e,0x30,0x34,0x32,0x20,0x33,0x31,0x2e,0x37,0x31,0x33,0x2d,0x33,
  0x31,0x2e,0x34,0x37,0x20,0x33,0x31,0x2e,0x39,0x39,0x36,0x4c,0x36,0x34,0x34,0x20,
  0x39,0x31,0x32,0x63,0x2d,0x31,0x37,0x2e,0x36,0x37,0x33,0x20,0x30,0x2d,0x33,0x32,
  0x2d,0x31,0x34,0x2e,0x33,0x32,0x37,0x2d,0x33,0x32,0x2d,0x33,0x32,0x56,0x37,0x34,
  0x30,0x63,0x30,0x2d,0x37,0x30,0x2e,0x36,0x39,0x32,0x20,0x35,0x37,0x2e,0x33,0x30,
  0x38,0x2d,0x31,0x32,0x38,0x20,0x31,0x32,0x38,0x2d,0x31,0x32,0x38,0x68,0x31,0x34,
  0x30,0x2e,0x35,0x7a,0x4d,0x33,0x38,0x30,0x20,0x31,0x31,0x32,0x63,0x31,0x37,0x2e,
  0x36,0x37,0x33,0x20,0x30,0x20,0x33,0x32,0x20,0x31,0x34,0x2e,0x33,0x32,0x37,0x20,
  0x33,0x32,0x20,0x33,0x32,0x76,0x31,0x34,0x30,0x63,0x30,0x20,0x37,0x30,0x2e,0x36,
  0x39,0x32,0x2d,0x35,0x37,0x2e,0x33,0x30,0x38,0x20,0x31,0x32,0x38,0x2d,0x31,0x32,
  0x38,0x20,0x31,0x32,0x38,0x48,0x31,0x34,0x34,0x63,0x2d,0x31,0x37,0x2e,0x36,0x37,
  0x33,0x20,0x30,0x2d,0x33,0x32,0x2d,0x31,0x34,0x2e,0x33,0x32,0x37,0x2d,0x33,0x32,
  0x2d,0x33,0x32,0x20,0x30,0x2d,0x31,0x37,0x2e,0x36,0x37,0x33,0x20,0x31,0x34,0x2e,
  0x33,0x32,0x37,0x2d,0x33,0x32,0x20,0x33,0x32,0x2d,0x33,0x32,0x68,0x31,0x34,0x30,
  0x63,0x33,0x34,0x2e,0x39,0x39,0x33,0x20,0x30,0x20,0x36,0x33,0x2e,0x34,0x32,0x36,
  0x2d,0x32,0x38,0x2e,0x30,0x38,0x34,0x20,0x36,0x33,0x2e,0x39,0x39,0x31,0x2d,0x36,
  0x32,0x2e,0x39,0x34,0x32,0x4c,0x33,0x34,0x38,0x20,0x32,0x38,0x34,0x56,0x31,0x34,
  0x34,0x63,0x30,0x2d,0x31,0x37,0x2e,0x34,0x39,0x36,0x20,0x31,0x34,0x2e,0x30,0x34,
  0x32,0x2d,0x33,0x31,0x2e,0x37,0x31,0x33,0x20,0x33,0x31,0x2e,0x34,0x37,0x2d,0x33,
  0x31,0x2e,0x39,0x39,0x36,0x4c,0x33,0x38,0x30,0x20,0x31,0x31,0x32,0x7a,0x20,0x6d,
  0x32,0x36,0x34,0x20,0x30,0x63,0x31,0x37,0x2e,0x34,0x39,0x36,0x20,0x30,0x20,0x33,
  0x31,0x2e,0x37,0x31,0x33,0x20,0x31,0x34,0x2e,0x30,0x34,0x32,0x20,0x33,0x31,0x2e,
  0x39,0x39,0x36,0x20,0x33,0x31,0x2e,0x34,0x37,0x6c,0x30,0x2e,0x30,0x30,0x34,0x20,
  0x30,0x2e,0x35,0x33,0x76,0x31,0x34,0x30,0x6c,0x30,0x2e,0x30,0x30,0x39,0x20,0x31,
  0x2e,0x30,0x35,0x38,0x63,0x30,0x2e,0x35,0x36,0x20,0x33,0x34,0x2e,0x35,0x31,0x20,
  0x32,0x38,0x2e,0x34,0x33,0x32,0x20,0x36,0x32,0x2e,0x33,0x38,0x20,0x36,0x32,0x2e,
  0x39,0x34,0x33,0x20,0x36,0x32,0x2e,0x39,0x33,0x34,0x4c,0x37,0x34,0x30,0x20,0x33,
  0x34,0x38,0x68,0x31,0x34,0x30,0x63,0x31,0x37,0x2e,0x36,0x37,0x33,0x20,0x30,0x20,
  0x33,0x32,0x20,0x31,0x34,0x2e,0x33,0x32,0x37,0x20,0x33,0x32,0x20,0x33,0x32,0x20,
  0x30,0x20,0x31,0x37,0x2e,0x34,0x39,0x36,0x2d,0x31,0x34,0x2e,0x30,0x34,0x32,0x20,
  0x33,0x31,0x2e,0x37,0x31,0x33,0x2d,0x33,0x31,0x2e,0x34,0x37,0x20,0x33,0x31,0x2e,
  0x39,0x39,0x36,0x4c,0x38,0x38,0x30,0x20,0x34,0x31,0x32,0x48,0x37,0x34,0x30,0x63,
  0x2d,0x36,0x39,0x2e,0x39,0x38,0x36,0x20,0x30,0x2d,0x31,0x32,0x36,0x2e,0x38,0x35,
  0x33,0x2d,0x35,0x36,0x2e,0x31,0x36,0x37,0x2d,0x31,0x32,0x37,0x2e,0x39,0x38,0x33,
  0x2d,0x31,0x32,0x35,0x2e,0x38,0x38,0x33,0x4c,0x36,0x31,0x32,0x20,0x32,0x38,0x34,
  0x56,0x31,0x34,0x34,0x63,0x30,0x2d,0x31,0x37,0x2e,0x34,0x39,0x36,0x20,0x31,0x34,
  0x2e,0x30,0x34,0x32,0x2d,0x33,0x31,0x2e,0x37,0x31,0x33,0x20,0x33,0x31,0x2e,0x34,
  0x37,0x2d,0x33,0x31,0x2e,0x39,0x39,0x36,0x4c,0x36,0x34,0x34,0x20,0x31,0x31,0x32,
  0x7a,0x22,0x20,0x66,0x69,0x6c,0x6c,0x3d,0x22,0x23,0x35,0x31,0x35,0x31,0x35,0x31,
  0x22,0x20,0x70,0x2d,0x69,0x64,0x3d,0x22,0x31,0x33,0x37,0x39,0x22,0x3e,0x3c,0x2f,
  0x70,0x61,0x74,0x68,0x3e,0x3c,0x2f,0x73,0x76,0x67,0x3e,
    // full-screen.svg
  0x0,0x0,0x5,0x73,
  0x3c,
  0x3f,0x78,0x6d,0x6c,0x20,0x76,0x65,0x72,0x73,0x69,0x6f,0x6e,0x3d,0x22,0x31,0x2e,
  0x30,0x22,0x20,0x73,0x74,0x61,0x6e,0x64,0x61,0x6c,0x6f,0x6e,0x65,0x3d,0x22,0x6e,
  0x6f,0x22,0x3f,0x3e,0x3c,0x21,0x44,0x4f,0x43,0x54,0x59,0x50,0x45,0x20,0x73,0x76,
  0x67,0x20,0x50,0x55,0x42,0x4c,0x49,0x43,0x20,0x22,0x2d,0x2f,0x2f,0x57,0x33,0x43,
  0x2f,0x2f,0x44,0x54,0x44,0x20,0x53,0x56,0x47,0x20,0x31,0x2e,0x31,0x2f,0x2f,0x45,
  0x4e,0x22,0x20,0x22,0x68,0x74,0x74,0x70,0x3a,0x2f,0x2f,0x77,0x77,0x77,0x2e,0x77,
  0x33,0x2e,0x6f,0x72,0x67,0x2f,0x47,0x72,0x61,0x70,0x68,0x69,0x63,0x73,0x2f,0x53,
  0x56,0x47,0x2f,0x31,0x2e,0x31,0x2f,0x44,0x54,0x44,0x2f,0x73,0x76,0x67,0x31,0x31,
  0x2e,0x64,0x74,0x64,0x22,0x3e,0x3c,0x73,0x76,0x67,0x20,0x74,0x3d,0x22,0x31,0x37,
  0x35,0x38,0x35,0x34,0x37,0x31,0x31,0x38,0x39,0x38,0x34,0x22,0x20,0x63,0x6c,0x61,
  0x73,0x73,0x3d,0x22,0x69,0x63,0x6f,0x6e,0x22,0x20,0x76,0x69,0x65,0x77,0x42,0x6f,
  0x78,0x3d,0x22,0x30,0x20,0x30,0x20,0x31,0x30,0x32,0x34,0x20,0x31,0x30,0x32,0x34,
  0x22,0x20,0x76,0x65,0x72,0x73,0x69,0x6f,0x6e,0x3d,0x22,0x31,0x2e,0x31,0x22,0x20,
  0x78,0x6d,0x6c,0x6e,0x73,0x3d,0x22,0x68,0x74,0x74,0x70,0x3a,0x2f,0x2f,0x77,0x77,
  0x77,0x2e,0x77,0x33,0x2e,0x6f,0x72,0x67,0x2f,0x32,0x30,0x30,0x30,0x2f,0x73,0x76,
  0x67,0x22,0x20,0x70,0x2d,0x69,0x64,0x3d,0x22,0x34,0x32,0x32,0x38,0x22,0x20,0x78,
  0x6d,0x6c,0x6e,0x73,0x3a,0x78,0x6c,0x69,0x6e,0x6b,0x3d,0x22,0x68,0x74,0x74,0x70,
  0x3a,0x2f,0x2f,0x77,0x77,0x77,0x2e,0x77,0x33,0x2e,0x6f,0x72,0x67,0x2f,0x31,0x39,
  0x39,0x39,0x2f,0x78,0x6c,0x69,0x6e,0x6b,0x22,0x20,0x77,0x69,0x64,0x74,0x68,0x3d,
  0x22,0x32,0x30,0x30,0x22,0x20,0x68,0x65,0x69,0x67,0x68,0x74,0x3d,0x22,0x32,0x30,
  0x30,0x22,0x3e,0x3c,0x70,0x61,0x74,0x68,0x20,0x64,0x3d,0x22,0x4d,0x31,0x36,0x30,
  0x20,0x39,0x36,0x68,0x31,0x39,0x32,0x63,0x39,0x2e,0x33,0x34,0x34,0x20,0x30,0x2e,
  0x36,0x34,0x20,0x31,0x37,0x2e,0x30,0x32,0x34,0x20,0x34,0x2e,0x30,0x33,0x32,0x20,
  0x32,0x33,0x2e,0x30,0x34,0x20,0x31,0x30,0x2e,0x30,0x34,0x38,0x20,0x35,0x2e,0x39,
  0x35,0x32,0x20,0x35,0x2e,0x39,0x35,0x32,0x20,0x38,0x2e,0x39,0x36,0x20,0x31,0x33,
  0x2e,0x34,0x34,0x20,0x38,0x2e,0x39,0x36,0x20,0x32,0x32,0x2e,0x34,0x36,0x34,0x61,
  0x33,0x30,0x2e,0x35,0x39,0x32,0x20,0x33,0x30,0x2e,0x35,0x39,0x32,0x20,0x30,0x20,
  0x30,0x20,0x31,0x2d,0x33,0x32,0x20,0x33,0x31,0x2e,0x34,0x38,0x38,0x68,0x2d,0x31,
  0x39,0x32,0x76,0x31,0x39,0x32,0x61,0x33,0x31,0x2e,0x31,0x36,0x38,0x20,0x33,0x31,
  0x2e,0x31,0x36,0x38,0x20,0x30,0x20,0x30,0x20,0x31,0x2d,0x38,0x2e,0x39,0x36,0x20,
  0x32,0x33,0x2e,0x30,0x34,0x41,0x33,0x31,0x2e,0x31,0x36,0x38,0x20,0x33,0x31,0x2e,
  0x31,0x36,0x38,0x20,0x30,0x20,0x30,0x20,0x31,0x20,0x31,0x32,0x38,0x20,0x33,0x38,
  0x34,0x61,0x33,0x31,0x2e,0x31,0x36,0x38,0x20,0x33,0x31,0x2e,0x31,0x36,0x38,0x20,
  0x30,0x20,0x30,0x20,0x31,0x2d,0x32,0x33,0x2e,0x30,0x34,0x2d,0x38,0x2e,0x39,0x36,
  0x20,0x33,0x31,0x2e,0x31,0x36,0x38,0x20,0x33,0x31,0x2e,0x31,0x36,0x38,0x20,0x30,
  0x20,0x30,0x20,0x31,0x2d,0x38,0x2e,0x39,0x36,0x2d,0x32,0x33,0x2e,0x30,0x34,0x76,
  0x2d,0x32,0x35,0x36,0x68,0x36,0x34,0x7a,0x20,0x6d,0x30,0x20,0x38,0x33,0x32,0x68,
  0x2d,0x36,0x34,0x76,0x2d,0x32,0x35,0x36,0x63,0x30,0x2d,0x39,0x2e,0x33,0x34,0x34,
  0x20,0x33,0x2e,0x30,0x30,0x38,0x2d,0x31,0x37,0x2e,0x30,0x32,0x34,0x20,0x38,0x2e,
  0x39,0x36,0x2d,0x32,0x33,0x2e,0x30,0x34,0x41,0x33,0x31,0x2e,0x31,0x36,0x38,0x20,
  0x33,0x31,0x2e,0x31,0x36,0x38,0x20,0x30,0x20,0x30,0x20,0x31,0x20,0x31,0x32,0x38,
  0x20,0x36,0x34,0x30,0x63,0x39,0x2e,0x33,0x34,0x34,0x20,0x30,0x20,0x31,0x37,0x2e,
  0x30,0x32,0x34,0x20,0x33,0x2e,0x30,0x30,0x38,0x20,0x32,0x33,0x2e,0x30,0x34,0x20,
  0x38,0x2e,0x39,0x36,0x20,0x35,0x2e,0x39,0x35,0x32,0x20,0x36,0x2e,0x30,0x31,0x36,
  0x20,0x38,0x2e,0x39,0x36,0x20,0x31,0x33,0x2e,0x36,0x39,0x36,0x20,0x38,0x2e,0x39,
  0x36,0x20,0x32,0x33,0x2e,0x30,0x34,0x76,0x31,0x39,0x32,0x68,0x31,0x39,0x32,0x61,
  0x33,0x30,0x2e,0x35,0x32,0x38,0x20,0x33,0x30,0x2e,0x35,0x32,0x38,0x20,0x30,0x20,
  0x30,0x20,0x31,0x20,0x33,0x32,0x20,0x33,0x31,0x2e,0x34,0x38,0x38,0x63,0x30,0x20,
  0x38,0x2e,0x39,0x36,0x2d,0x33,0x2e,0x30,0x30,0x38,0x20,0x31,0x36,0x2e,0x35,0x31,
  0x32,0x2d,0x38,0x2e,0x39,0x36,0x20,0x32,0x32,0x2e,0x34,0x36,0x34,0x61,0x33,0x34,
  0x2e,0x39,0x34,0x34,0x20,0x33,0x34,0x2e,0x39,0x34,0x34,0x20,0x30,0x20,0x30,0x20,
  0x31,0x2d,0x32,0x33,0x2e,0x30,0x34,0x20,0x31,0x30,0x2e,0x30,0x34,0x38,0x68,0x2d,
  0x31,0x39,0x32,0x7a,0x20,0x6d,0x37,0x30,0x34,0x2d,0x38,0x33,0x32,0x68,0x36,0x34,
  0x76,0x32,0x35,0x36,0x61,0x33,0x31,0x2e,0x31,0x36,0x38,0x20,0x33,0x31,0x2e,0x31,
  0x36,0x38,0x20,0x30,0x20,0x30,0x20,0x31,0x2d,0x38,0x2e,0x39,0x36,0x20,0x32,0x33,
  0x2e,0x30,0x34,0x41,0x33,0x31,0x2e,0x31,0x36,0x38,0x20,0x33,0x31,0x2e,0x31,0x36,
  0x38,0x20,0x30,0x20,0x30,0x20,0x31,0x20,0x38,0x39,0x36,0x20,0x33,0x38,0x34,0x61,
  0x33,0x31,0x2e,0x31,0x36,0x38,0x20,0x33,0x31,0x2e,0x31,0x36,0x38,0x20,0x30,0x20,
  0x30,0x20,0x31,0x2d,0x32,0x33,0x2e,0x30,0x34,0x2d,0x38,0x2e,0x39,0x36,0x20,0x33,
  0x31,0x2e,0x31,0x36,0x38,0x20,0x33,0x31,0x2e,0x31,0x36,0x38,0x20,0x30,0x20,0x30,
  0x20,0x31,0x2d,0x38,0x2e,0x39,0x36,0x2d,0x32,0x33,0x2e,0x30,0x34,0x76,0x2d,0x31,
  0x39,0x32,0x68,0x2d,0x31,0x39,0x32,0x61,0x33,0x31,0x2e,0x31,0x36,0x38,0x20,0x33,
  0x31,0x2e,0x31,0x36,0x38,0x20,0x30,0x20,0x30,0x20,0x31,0x2d,0x32,0x33,0x2e,0x30,
  0x34,0x2d,0x38,0x2e,0x39,0x36,0x20,0x33,0x30,0x2e,0x35,0x32,0x38,0x20,0x33,0x30,
  0x2e,0x35,0x32,0x38,0x20,0x30,0x20,0x30,0x20,0x31,0x2d,0x38,0x2e,0x39,0x36,0x2d,
  0x32,0x32,0x2e,0x35,0x32,0x38,0x63,0x30,0x2d,0x38,0x2e,0x39,0x36,0x20,0x33,0x2e,
  0x30,0x30,0x38,0x2d,0x31,0x36,0x2e,0x35,0x31,0x32,0x20,0x38,0x2e,0x39,0x36,0x2d,
  0x32,0x32,0x2e,0x34,0x36,0x34,0x61,0x33,0x34,0x2e,0x39,0x34,0x34,0x20,0x33,0x34,
  0x2e,0x39,0x34,0x34,0x20,0x30,0x20,0x30,0x20,0x31,0x20,0x32,0x33,0x2e,0x30,0x34,
  0x2d,0x31,0x30,0x2e,0x30,0x34,0x38,0x68,0x31,0x39,0x32,0x7a,0x20,0x6d,0x30,0x20,
  0x38,0x33,0x32,0x68,0x2d,0x31,0x39,0x32,0x61,0x33,0x34,0x2e,0x37,0x35,0x32,0x20,
  0x33,0x34,0x2e,0x37,0x35,0x32,0x20,0x30,0x20,0x30,0x20,0x31,0x2d,0x32,0x33,0x2e,
  0x30,0x34,0x2d,0x39,0x2e,0x39,0x38,0x34,0x20,0x33,0x30,0x2e,0x35,0x39,0x32,0x20,
  0x33,0x30,0x2e,0x35,0x39,0x32,0x20,0x30,0x20,0x30,0x20,0x31,0x2d,0x38,0x2e,0x39,
  0x36,0x2d,0x32,0x32,0x2e,0x35,0x32,0x38,0x20,0x33,0x30,0x2e,0x35,0x39,0x32,0x20,
  0x33,0x30,0x2e,0x35,0x39,0x32,0x20,0x30,0x20,0x30,0x20,0x31,0x20,0x33,0x32,0x2d,
  0x33,0x31,0x2e,0x34,0x38,0x38,0x68,0x31,0x39,0x32,0x76,0x2d,0x31,0x39,0x32,0x63,
  0x30,0x2d,0x39,0x2e,0x33,0x34,0x34,0x20,0x33,0x2e,0x30,0x30,0x38,0x2d,0x31,0x37,
  0x2e,0x30,0x32,0x34,0x20,0x38,0x2e,0x39,0x36,0x2d,0x32,0x33,0x2e,0x30,0x34,0x41,
  0x33,0x31,0x2e,0x31,0x36,0x38,0x20,0x33,0x31,0x2e,0x31,0x36,0x38,0x20,0x30,0x20,
  0x30,0x20,0x31,0x20,0x38,0x39,0x36,0x20,0x36,0x34,0x30,0x63,0x39,0x2e,0x33,0x34,
  0x34,0x20,0x30,0x20,0x31,0x37,0x2e,0x30,0x32,0x34,0x20,0x33,0x2e,0x30,0x30,0x38,
  0x20,0x32,0x33,0x2e,0x30,0x34,0x20,0x38,0x2e,0x39,0x36,0x20,0x35,0x2e,0x39,0x35,
  0x32,0x20,0x36,0x2e,0x30,0x31,0x36,0x20,0x38,0x2e,0x39,0x36,0x20,0x31,0x33,0x2e,
  0x36,0x39,0x36,0x20,0x38,0x2e,0x39,0x36,0x20,0x32,0x33,0x2e,0x30,0x34,0x76,0x32,
  0x35,0x36,0x68,0x2d,0x36,0x34,0x7a,0x22,0x20,0x70,0x2d,0x69,0x64,0x3d,0x22,0x34,
  0x32,0x32,0x39,0x22,0x3e,0x3c,0x2f,0x70,0x61,0x74,0x68,0x3e,0x3c,0x2f,0x73,0x76,
  0x67,0x3e,
    // user-in.svg
  0x0,0x0,0x3,0xe9,
  0x3c,
  0x3f,0x78,0x6d,0x6c,0x20,0x76,0x65,0x72,0x73,0x69,0x6f,0x6e,0x3d,0x22,0x31,0x2e,
  0x30,0x22,0x20,0x73,0x74,0x61,0x6e,0x64,0x61,0x6c,0x6f,0x6e,0x65,0x3d,0x22,0x6e,
  0x6f,0x22,0x3f,0x3e,0x3c,0x21,0x44,0x4f,0x43,0x54,0x59,0x50,0x45,0x20,0x73,0x76,
  0x67,0x20,0x50,0x55,0x42,0x4c,0x49,0x43,0x20,0x22,0x2d,0x2f,0x2f,0x57,0x33,0x43,
  0x2f,0x2f,0x44,0x54,0x44,0x20,0x53,0x56,0x47,0x20,0x31,0x2e,0x31,0x2f,0x2f,0x45,
  0x4e,0x22,0x20,0x22,0x68,0x74,0x74,0x70,0x3a,0x2f,0x2f,0x77,0x77,0x77,0x2e,0x77,
  0x33,0x2e,0x6f,0x72,0x67,0x2f,0x47,0x72,0x61,0x70,0x68,0x69,0x63,0x73,0x2f,0x53,
  0x56,0x47,0x2f,0x31,0x2e,0x31,0x2f,0x44,0x54,0x44,0x2f,0x73,0x76,0x67,0x31,0x31,
  0x2e,0x64,0x74,0x64,0x22,0x3e,0x3c,0x73,0x76,0x67,0x20,0x74,0x3d,0x22,0x31,0x37,
  0x36,0x30,0x36,0x31,0x39,0x39,0x35,0x34,0x32,0x36,0x32,0x22,0x20,0x63,0x6c,0x61,
  0x73,0x73,0x3d,0x22,0x69,0x63,0x6f,0x6e,0x22,0x20,0x76,0x69,0x65,0x77,0x42,0x6f,
  0x78,0x3d,0x22,0x30,0x20,0x30,0x20,0x31,0x30,0x32,0x34,0x20,0x31,0x30,0x32,0x34,
  0x22,0x20,0x76,0x65,0x72,0x73,0x69,0x6f,0x6e,0x3d,0x22,0x31,0x2e,0x31,0x22,0x20,
  0x78,0x6d,0x6c,0x6e,0x73,0x3d,0x22,0x68,0x74,0x74,0x70,0x3a,0x2f,0x2f,0x77,0x77,
  0x77,0x2e,0x77,0x33,0x2e,0x6f,0x72,0x67,0x2f,0x32,0x30,0x30,0x30,0x2f,0x73,0x76,
  0x67,0x22,0x20,0x70,0x2d,0x69,0x64,0x3d,0x22,0x31,0x37,0x39,0x33,0x22,0x20,0x78,
  0x6d,0x6c,0x6e,0x73,0x3a,0x78,0x6c,0x69,0x6e,0x6b,0x3d,0x22,0x68,0x74,0x74,0x70,
  0x3a,0x2f,0x2f,0x77,0x77,0x77,0x2e,0x77,0x33,0x2e,0x6f,0x72,0x67,0x2f,0x31,0x39,
  0x39,0x39,0x2f,0x78,0x6c,0x69,0x6e,0x6b,0x22,0x20,0x77,0x69,0x64,0x74,0x68,0x3d,
  0x22,0x32,0x30,0x30,0x22,0x20,0x68,0x65,0x69,0x67,0x68,0x74,0x3d,0x22,0x32,0x30,
  0x30,0x22,0x3e,0x3c,0x70,0x61,0x74,0x68,0x20,0x64,0x3d,0x22,0x4d,0x32,0x38,0x38,
  0x20,0x33,0x32,0x30,0x63,0x31,0x2e,0x33,0x34,0x34,0x20,0x36,0x33,0x2e,0x33,0x36,
  0x20,0x32,0x33,0x2e,0x31,0x36,0x38,0x20,0x31,0x31,0x36,0x2e,0x31,0x36,0x20,0x36,
  0x35,0x2e,0x35,0x33,0x36,0x20,0x31,0x35,0x38,0x2e,0x34,0x36,0x34,0x43,0x33,0x39,
  0x35,0x2e,0x37,0x37,0x36,0x20,0x35,0x32,0x30,0x2e,0x38,0x39,0x36,0x20,0x34,0x34,
  0x38,0x2e,0x36,0x34,0x20,0x35,0x34,0x32,0x2e,0x37,0x32,0x20,0x35,0x31,0x32,0x20,
  0x35,0x34,0x34,0x63,0x36,0x33,0x2e,0x33,0x36,0x2d,0x31,0x2e,0x33,0x34,0x34,0x20,
  0x31,0x31,0x36,0x2e,0x31,0x36,0x2d,0x32,0x33,0x2e,0x31,0x36,0x38,0x20,0x31,0x35,
  0x38,0x2e,0x34,0x36,0x34,0x2d,0x36,0x35,0x2e,0x35,0x33,0x36,0x43,0x37,0x31,0x32,
  0x2e,0x38,0x33,0x32,0x20,0x34,0x33,0x36,0x2e,0x32,0x32,0x34,0x20,0x37,0x33,0x34,
  0x2e,0x37,0x32,0x20,0x33,0x38,0x33,0x2e,0x33,0x36,0x20,0x37,0x33,0x36,0x20,0x33,
  0x32,0x30,0x63,0x2d,0x31,0x2e,0x33,0x34,0x34,0x2d,0x36,0x33,0x2e,0x33,0x36,0x2d,
  0x32,0x33,0x2e,0x31,0x36,0x38,0x2d,0x31,0x31,0x36,0x2e,0x31,0x36,0x2d,0x36,0x35,
  0x2e,0x35,0x33,0x36,0x2d,0x31,0x35,0x38,0x2e,0x34,0x36,0x34,0x43,0x36,0x32,0x38,
  0x2e,0x32,0x32,0x34,0x20,0x31,0x31,0x39,0x2e,0x31,0x36,0x38,0x20,0x35,0x37,0x35,
  0x2e,0x33,0x36,0x20,0x39,0x37,0x2e,0x32,0x38,0x20,0x35,0x31,0x32,0x20,0x39,0x36,
  0x63,0x2d,0x36,0x33,0x2e,0x33,0x36,0x20,0x31,0x2e,0x33,0x34,0x34,0x2d,0x31,0x31,
  0x36,0x2e,0x31,0x36,0x20,0x32,0x33,0x2e,0x31,0x36,0x38,0x2d,0x31,0x35,0x38,0x2e,
  0x34,0x36,0x34,0x20,0x36,0x35,0x2e,0x35,0x33,0x36,0x43,0x33,0x31,0x31,0x2e,0x31,
  0x36,0x38,0x20,0x32,0x30,0x33,0x2e,0x37,0x37,0x36,0x20,0x32,0x38,0x39,0x2e,0x32,
  0x38,0x20,0x32,0x35,0x36,0x2e,0x36,0x34,0x20,0x32,0x38,0x38,0x20,0x33,0x32,0x30,
  0x7a,0x20,0x6d,0x35,0x34,0x34,0x20,0x36,0x30,0x38,0x48,0x31,0x36,0x30,0x61,0x33,
  0x31,0x2e,0x31,0x36,0x38,0x20,0x33,0x31,0x2e,0x31,0x36,0x38,0x20,0x30,0x20,0x30,
  0x20,0x31,0x2d,0x32,0x33,0x2e,0x30,0x34,0x2d,0x38,0x2e,0x39,0x36,0x41,0x33,0x31,
  0x2e,0x31,0x36,0x38,0x20,0x33,0x31,0x2e,0x31,0x36,0x38,0x20,0x30,0x20,0x30,0x20,
  0x31,0x20,0x31,0x32,0x38,0x20,0x38,0x39,0x36,0x76,0x2d,0x39,0x36,0x63,0x31,0x2e,
  0x33,0x34,0x34,0x2d,0x34,0x35,0x2e,0x33,0x31,0x32,0x20,0x31,0x37,0x2e,0x30,0x32,
  0x34,0x2d,0x38,0x33,0x2e,0x30,0x30,0x38,0x20,0x34,0x36,0x2e,0x39,0x37,0x36,0x2d,
  0x31,0x31,0x33,0x2e,0x30,0x32,0x34,0x20,0x33,0x30,0x2e,0x30,0x38,0x2d,0x32,0x39,
  0x2e,0x39,0x35,0x32,0x20,0x36,0x37,0x2e,0x37,0x31,0x32,0x2d,0x34,0x35,0x2e,0x36,
  0x33,0x32,0x20,0x31,0x31,0x33,0x2e,0x30,0x32,0x34,0x2d,0x34,0x36,0x2e,0x39,0x37,
  0x36,0x68,0x34,0x34,0x38,0x63,0x34,0x35,0x2e,0x33,0x31,0x32,0x20,0x31,0x2e,0x33,
  0x34,0x34,0x20,0x38,0x33,0x2e,0x30,0x30,0x38,0x20,0x31,0x37,0x2e,0x30,0x32,0x34,
  0x20,0x31,0x31,0x32,0x2e,0x39,0x36,0x20,0x34,0x36,0x2e,0x39,0x37,0x36,0x20,0x33,
  0x30,0x2e,0x30,0x38,0x20,0x33,0x30,0x2e,0x30,0x38,0x20,0x34,0x35,0x2e,0x36,0x39,
  0x36,0x20,0x36,0x37,0x2e,0x37,0x31,0x32,0x20,0x34,0x37,0x2e,0x30,0x34,0x20,0x31,
  0x31,0x33,0x2e,0x30,0x32,0x34,0x56,0x38,0x39,0x36,0x61,0x33,0x31,0x2e,0x31,0x36,
  0x38,0x20,0x33,0x31,0x2e,0x31,0x36,0x38,0x20,0x30,0x20,0x30,0x20,0x31,0x2d,0x38,
  0x2e,0x39,0x36,0x20,0x32,0x33,0x2e,0x30,0x34,0x20,0x33,0x31,0x2e,0x31,0x36,0x38,
  0x20,0x33,0x31,0x2e,0x31,0x36,0x38,0x20,0x30,0x20,0x30,0x20,0x31,0x2d,0x32,0x33,
  0x2e,0x30,0x34,0x20,0x38,0x2e,0x39,0x36,0x48,0x38,0x33,0x32,0x7a,0x22,0x20,0x70,
  0x2d,0x69,0x64,0x3d,0x22,0x31,0x37,0x39,0x34,0x22,0x3e,0x3c,0x2f,0x70,0x61,0x74,
  0x68,0x3e,0x3c,0x2f,0x73,0x76,0x67,0x3e,
    // message-in.svg
  0x0,0x0,0x4,0x57,
  0x3c,
  0x3f,0x78,0x6d,0x6c,0x20,0x76,0x65,0x72,0x73,0x69,0x6f,0x6e,0x3d,0x22,0x31,0x2e,
  0x30,0x22,0x20,0x73,0x74,0x61,0x6e,0x64,0x61,0x6c,0x6f,0x6e,0x65,0x3d,0x22,0x6e,
  0x6f,0x22,0x3f,0x3e,0x3c,0x21,0x44,0x4f,0x43,0x54,0x59,0x50,0x45,0x20,0x73,0x76,
  0x67,0x20,0x50,0x55,0x42,0x4c,0x49,0x43,0x20,0x22,0x2d,0x2f,0x2f,0x57,0x33,0x43,
  0x2f,0x2f,0x44,0x54,0x44,0x20,0x53,0x56,0x47,0x20,0x31,0x2e,0x31,0x2f,0x2f,0x45,
  0x4e,0x22,0x20,0x22,0x68,0x74,0x74,0x70,0x3a,0x2f,0x2f,0x77,0x77,0x77,0x2e,0x77,
  0x33,0x2e,0x6f,0x72,0x67,0x2f,0x47,0x72,0x61,0x70,0x68,0x69,0x63,0x73,0x2f,0x53,
  0x56,0x47,0x2f,0x31,0x2e,0x31,0x2f,0x44,0x54,0x44,0x2f,0x73,0x76,0x67,0x31,0x31,
  0x2e,0x64,0x74,0x64,0x22,0x3e,0x3c,0x73,0x76,0x67,0x20,0x74,0x3d,0x22,0x31,0x37,
  0x36,0x30,0x36,0x32,0x30,0x30,0x30,0x36,0x34,0x36,0x34,0x22,0x20,0x63,0x6c,0x61,
  0x73,0x73,0x3d,0x22,0x69,0x63,0x6f,0x6e,0x22,0x20,0x76,0x69,0x65,0x77,0x42,0x6f,
  0x78,0x3d,0x22,0x30,0x20,0x30,0x20,0x31,0x30,0x32,0x34,0x20,0x31,0x30,0x32,0x34,
  0x22,0x20,0x76,0x65,0x72,0x73,0x69,0x6f,0x6e,0x3d,0x22,0x31,0x2e,0x31,0x22,0x20,
  0x78,0x6d,0x6c,0x6e,0x73,0x3d,0x22,0x68,0x74,0x74,0x70,0x3a,0x2f,0x2f,0x77,0x77,
  0x77,0x2e,0x77,0x33,0x2e,0x6f,0x72,0x67,0x2f,0x32,0x30,0x30,0x30,0x2f,0x73,0x76,
  0x67,0x22,0x20,0x70,0x2d,0x69,0x64,0x3d,0x22,0x33,0x36,0x31,0x34,0x22,0x20,0x77,
  0x69,0x64,0x74,0x68,0x3d,0x22,0x31,0x39,0x30,0x22,0x20,0x68,0x65,0x69,0x67,0x68,
  0x74,0x3d,0x22,0x31,0x39,0x30,0x22,0x20,0x78,0x6d,0x6c,0x6e,0x73,0x3a,0x78,0x6c,
  0x69,0x6e,0x6b,0x3d,0x22,0x68,0x74,0x74,0x70,0x3a,0x2f,0x2f,0x77,0x77,0x77,0x2e,
  0x77,0x33,0x2e,0x6f,0x72,0x67,0x2f,0x31,0x39,0x39,0x39,0x2f,0x78,0x6c,0x69,0x6e,
  0x6b,0x22,0x3e,0x3c,0x70,0x61,0x74,0x68,0x20,0x64,0x3d,0x22,0x4d,0x35,0x31,0x32,
  0x2e,0x38,0x32,0x35,0x20,0x32,0x2e,0x34,0x39,0x43,0x32,0x32,0x39,0x2e,0x37,0x38,
  0x20,0x32,0x2e,0x34,0x39,0x20,0x30,0x2e,0x33,0x34,0x37,0x20,0x32,0x30,0x36,0x2e,
  0x34,0x32,0x20,0x30,0x2e,0x33,0x34,0x37,0x20,0x34,0x35,0x38,0x2e,0x30,0x32,0x38,
  0x63,0x30,0x20,0x31,0x34,0x37,0x2e,0x37,0x39,0x20,0x37,0x32,0x2e,0x31,0x36,0x33,
  0x20,0x32,0x37,0x39,0x2e,0x31,0x33,0x38,0x20,0x31,0x39,0x34,0x2e,0x38,0x33,0x20,
  0x33,0x36,0x32,0x2e,0x33,0x37,0x33,0x20,0x30,0x2e,0x37,0x32,0x37,0x20,0x30,0x2e,
  0x34,0x38,0x35,0x2d,0x31,0x32,0x2e,0x36,0x32,0x37,0x20,0x32,0x30,0x31,0x2e,0x31,
  0x30,0x38,0x2d,0x31,0x32,0x2e,0x36,0x32,0x37,0x20,0x32,0x30,0x31,0x2e,0x31,0x30,
  0x38,0x6c,0x32,0x30,0x36,0x2e,0x30,0x31,0x39,0x2d,0x31,0x32,0x30,0x2e,0x32,0x37,
  0x34,0x63,0x33,0x37,0x2e,0x37,0x38,0x34,0x20,0x37,0x2e,0x38,0x39,0x38,0x20,0x38,
  0x30,0x2e,0x34,0x33,0x38,0x20,0x31,0x32,0x2e,0x33,0x33,0x33,0x20,0x31,0x32,0x30,
  0x2e,0x39,0x31,0x38,0x20,0x31,0x32,0x2e,0x33,0x33,0x33,0x20,0x32,0x38,0x33,0x2e,
  0x30,0x34,0x33,0x20,0x30,0x20,0x35,0x31,0x34,0x2e,0x31,0x36,0x36,0x2d,0x32,0x30,
  0x33,0x2e,0x39,0x33,0x20,0x35,0x31,0x34,0x2e,0x31,0x36,0x36,0x2d,0x34,0x35,0x35,
  0x2e,0x35,0x34,0x20,0x30,0x2d,0x32,0x35,0x31,0x2e,0x36,0x30,0x38,0x2d,0x32,0x32,
  0x37,0x2e,0x37,0x38,0x35,0x2d,0x34,0x35,0x35,0x2e,0x35,0x33,0x38,0x2d,0x35,0x31,
  0x30,0x2e,0x38,0x32,0x38,0x2d,0x34,0x35,0x35,0x2e,0x35,0x33,0x38,0x7a,0x4d,0x32,
  0x36,0x33,0x2e,0x34,0x36,0x33,0x20,0x35,0x32,0x33,0x2e,0x39,0x39,0x36,0x63,0x2d,
  0x33,0x35,0x2e,0x33,0x31,0x37,0x20,0x30,0x2d,0x36,0x33,0x2e,0x39,0x35,0x36,0x2d,
  0x32,0x38,0x2e,0x36,0x33,0x36,0x2d,0x36,0x33,0x2e,0x39,0x35,0x36,0x2d,0x36,0x33,
  0x2e,0x39,0x35,0x36,0x20,0x30,0x2d,0x33,0x35,0x2e,0x33,0x32,0x33,0x20,0x32,0x38,
  0x2e,0x36,0x34,0x2d,0x36,0x33,0x2e,0x39,0x35,0x37,0x20,0x36,0x33,0x2e,0x39,0x35,
  0x36,0x2d,0x36,0x33,0x2e,0x39,0x35,0x37,0x20,0x33,0x35,0x2e,0x33,0x32,0x35,0x20,
  0x30,0x20,0x36,0x33,0x2e,0x39,0x35,0x37,0x20,0x32,0x38,0x2e,0x36,0x33,0x34,0x20,
  0x36,0x33,0x2e,0x39,0x35,0x37,0x20,0x36,0x33,0x2e,0x39,0x35,0x37,0x20,0x30,0x20,
  0x33,0x35,0x2e,0x33,0x32,0x31,0x2d,0x32,0x38,0x2e,0x36,0x33,0x32,0x20,0x36,0x33,
  0x2e,0x39,0x35,0x36,0x2d,0x36,0x33,0x2e,0x39,0x35,0x37,0x20,0x36,0x33,0x2e,0x39,
  0x35,0x36,0x7a,0x20,0x6d,0x32,0x34,0x38,0x2e,0x35,0x33,0x37,0x20,0x30,0x63,0x2d,
  0x33,0x35,0x2e,0x33,0x32,0x35,0x20,0x30,0x2d,0x36,0x33,0x2e,0x39,0x35,0x37,0x2d,
  0x32,0x38,0x2e,0x36,0x33,0x36,0x2d,0x36,0x33,0x2e,0x39,0x35,0x37,0x2d,0x36,0x33,
  0x2e,0x39,0x35,0x36,0x20,0x30,0x2d,0x33,0x35,0x2e,0x33,0x32,0x33,0x20,0x32,0x38,
  0x2e,0x36,0x33,0x32,0x2d,0x36,0x33,0x2e,0x39,0x35,0x37,0x20,0x36,0x33,0x2e,0x39,
  0x35,0x37,0x2d,0x36,0x33,0x2e,0x39,0x35,0x37,0x20,0x33,0x35,0x2e,0x33,0x31,0x37,
  0x20,0x30,0x20,0x36,0x33,0x2e,0x39,0x35,0x37,0x20,0x32,0x38,0x2e,0x36,0x33,0x34,
  0x20,0x36,0x33,0x2e,0x39,0x35,0x37,0x20,0x36,0x33,0x2e,0x39,0x35,0x37,0x20,0x30,
  0x20,0x33,0x35,0x2e,0x33,0x32,0x31,0x2d,0x32,0x38,0x2e,0x36,0x34,0x20,0x36,0x33,
  0x2e,0x39,0x35,0x36,0x2d,0x36,0x33,0x2e,0x39,0x35,0x37,0x20,0x36,0x33,0x2e,0x39,
  0x35,0x36,0x7a,0x20,0x6d,0x32,0x34,0x38,0x2e,0x35,0x32,0x38,0x20,0x30,0x63,0x2d,
  0x33,0x35,0x2e,0x33,0x32,0x34,0x20,0x30,0x2d,0x36,0x33,0x2e,0x39,0x35,0x36,0x2d,
  0x32,0x38,0x2e,0x36,0x33,0x36,0x2d,0x36,0x33,0x2e,0x39,0x35,0x36,0x2d,0x36,0x33,
  0x2e,0x39,0x35,0x36,0x20,0x30,0x2d,0x33,0x35,0x2e,0x33,0x32,0x33,0x20,0x32,0x38,
  0x2e,0x36,0x33,0x32,0x2d,0x36,0x33,0x2e,0x39,0x35,0x37,0x20,0x36,0x33,0x2e,0x39,
  0x35,0x36,0x2d,0x36,0x33,0x2e,0x39,0x35,0x37,0x73,0x36,0x33,0x2e,0x39,0x35,0x37,
  0x20,0x32,0x38,0x2e,0x36,0x33,0x34,0x20,0x36,0x33,0x2e,0x39,0x35,0x37,0x20,0x36,
  0x33,0x2e,0x39,0x35,0x37,0x63,0x30,0x20,0x33,0x35,0x2e,0x33,0x32,0x31,0x2d,0x32,
  0x38,0x2e,0x36,0x33,0x32,0x20,0x36,0x33,0x2e,0x39,0x35,0x36,0x2d,0x36,0x33,0x2e,
  0x39,0x35,0x37,0x20,0x36,0x33,0x2e,0x39,0x35,0x36,0x7a,0x22,0x20,0x70,0x2d,0x69,
  0x64,0x3d,0x22,0x33,0x36,0x31,0x35,0x22,0x3e,0x3c,0x2f,0x70,0x61,0x74,0x68,0x3e,
  0x3c,0x2f,0x73,0x76,0x67,0x3e,
    // dircon.svg
  0x0,0x0,0x2,0x8e,
  0x3c,
  0x3f,0x78,0x6d,0x6c,0x20,0x76,0x65,0x72,0x73,0x69,0x6f,0x6e,0x3d,0x22,0x31,0x2e,
  0x30,0x22,0x20,0x73,0x74,0x61,0x6e,0x64,0x61,0x6c,0x6f,0x6e,0x65,0x3d,0x22,0x6e,
  0x6f,0x22,0x3f,0x3e,0x3c,0x21,0x44,0x4f,0x43,0x54,0x59,0x50,0x45,0x20,0x73,0x76,
  0x67,0x20,0x50,0x55,0x42,0x4c,0x49,0x43,0x20,0x22,0x2d,0x2f,0x2f,0x57,0x33,0x43,
  0x2f,0x2f,0x44,0x54,0x44,0x20,0x53,0x56,0x47,0x20,0x31,0x2e,0x31,0x2f,0x2f,0x45,
  0x4e,0x22,0x20,0x22,0x68,0x74,0x74,0x70,0x3a,0x2f,0x2f,0x77,0x77,0x77,0x2e,0x77,
  0x33,0x2e,0x6f,0x72,0x67,0x2f,0x47,0x72,0x61,0x70,0x68,0x69,0x63,0x73,0x2f,0x53,
  0x56,0x47,0x2f,0x31,0x2e,0x31,0x2f,0x44,0x54,0x44,0x2f,0x73,0x76,0x67,0x31,0x31,
  0x2e,0x64,0x74,0x64,0x22,0x3e,0x3c,0x73,0x76,0x67,0x20,0x74,0x3d,0x22,0x31,0x37,
  0x37,0x34,0x30,0x36,0x38,0x31,0x38,0x37,0x36,0x30,0x31,0x22,0x20,0x63,0x6c,0x61,
  0x73,0x73,0x3d,0x22,0x69,0x63,0x6f,0x6e,0x22,0x20,0x76,0x69,0x65,0x77,0x42,0x6f,
  0x78,0x3d,0x22,0x30,0x20,0x30,0x20,0x31,0x30,0x32,0x34,0x20,0x31,0x30,0x32,0x34,
  0x22,0x20,0x76,0x65,0x72,0x73,0x69,0x6f,0x6e,0x3d,0x22,0x31,0x2e,0x31,0x22,0x20,
  0x78,0x6d,0x6c,0x6e,0x73,0x3d,0x22,0x68,0x74,0x74,0x70,0x3a,0x2f,0x2f,0x77,0x77,
  0x77,0x2e,0x77,0x33,0x2e,0x6f,0x72,0x67,0x2f,0x32,0x30,0x30,0x30,0x2f,0x73,0x76,
  0x67,0x22,0x20,0x70,0x2d,0x69,0x64,0x3d,0x22,0x39,0x36,0x33,0x37,0x22,0x20,0x78,
  0x6d,0x6c,0x6e,0x73,0x3a,0x78,0x6c,0x69,0x6e,0x6b,0x3d,0x22,0x68,0x74,0x74,0x70,
  0x3a,0x2f,0x2f,0x77,0x77,0x77,0x2e,0x77,0x33,0x2e,0x6f,0x72,0x67,0x2f,0x31,0x39,
  0x39,0x39,0x2f,0x78,0x6c,0x69,0x6e,0x6b,0x22,0x20,0x77,0x69,0x64,0x74,0x68,0x3d,
  0x22,0x31,0x39,0x30,0x22,0x20,0x68,0x65,0x69,0x67,0x68,0x74,0x3d,0x22,0x31,0x39,
  0x30,0x22,0x3e,0x3c,0x70,0x61,0x74,0x68,0x20,0x64,0x3d,0x22,0x4d,0x39,0x34,0x38,
  0x2e,0x30,0x35,0x33,0x33,0x33,0x33,0x20,0x33,0x34,0x31,0x2e,0x33,0x33,0x33,0x33,
  0x33,0x33,0x56,0x32,0x39,0x30,0x2e,0x31,0x33,0x33,0x33,0x33,0x33,0x63,0x30,0x2d,
  0x32,0x38,0x2e,0x31,0x36,0x2d,0x32,0x33,0x2e,0x30,0x34,0x2d,0x35,0x31,0x2e,0x32,
  0x2d,0x35,0x31,0x2e,0x32,0x2d,0x35,0x31,0x2e,0x32,0x68,0x2d,0x33,0x30,0x36,0x2e,
  0x33,0x34,0x36,0x36,0x36,0x36,0x76,0x2d,0x33,0x34,0x2e,0x31,0x33,0x33,0x33,0x33,
  0x33,0x63,0x30,0x2d,0x32,0x38,0x2e,0x31,0x36,0x2d,0x32,0x33,0x2e,0x30,0x34,0x2d,
  0x35,0x31,0x2e,0x32,0x2d,0x35,0x31,0x2e,0x32,0x2d,0x35,0x31,0x2e,0x32,0x68,0x2d,
  0x33,0x39,0x32,0x2e,0x35,0x33,0x33,0x33,0x33,0x34,0x63,0x2d,0x32,0x38,0x2e,0x31,
  0x36,0x20,0x30,0x2d,0x35,0x31,0x2e,0x32,0x20,0x32,0x33,0x2e,0x30,0x34,0x2d,0x35,
  0x31,0x2e,0x32,0x20,0x35,0x31,0x2e,0x32,0x76,0x31,0x33,0x36,0x2e,0x35,0x33,0x33,
  0x33,0x33,0x33,0x68,0x38,0x35,0x32,0x2e,0x34,0x38,0x7a,0x4d,0x39,0x35,0x2e,0x35,
  0x37,0x33,0x33,0x33,0x33,0x20,0x34,0x30,0x39,0x2e,0x36,0x76,0x34,0x30,0x39,0x2e,
  0x36,0x63,0x30,0x20,0x32,0x38,0x2e,0x31,0x36,0x20,0x32,0x33,0x2e,0x30,0x34,0x20,
  0x35,0x31,0x2e,0x32,0x20,0x35,0x31,0x2e,0x32,0x20,0x35,0x31,0x2e,0x32,0x68,0x37,
  0x35,0x30,0x2e,0x30,0x38,0x63,0x32,0x38,0x2e,0x31,0x36,0x20,0x30,0x20,0x35,0x31,
  0x2e,0x32,0x2d,0x32,0x33,0x2e,0x30,0x34,0x20,0x35,0x31,0x2e,0x32,0x2d,0x35,0x31,
  0x2e,0x32,0x56,0x34,0x30,0x39,0x2e,0x36,0x48,0x39,0x35,0x2e,0x35,0x37,0x33,0x33,
  0x33,0x33,0x7a,0x22,0x20,0x66,0x69,0x6c,0x6c,0x3d,0x22,0x23,0x34,0x43,0x34,0x43,
  0x34,0x43,0x22,0x20,0x70,0x2d,0x69,0x64,0x3d,0x22,0x39,0x36,0x33,0x38,0x22,0x3e,
  0x3c,0x2f,0x70,0x61,0x74,0x68,0x3e,0x3c,0x2f,0x73,0x76,0x67,0x3e,
    // minus.svg
  0x0,0x0,0x2,0x76,
  0x3c,
  0x3f,0x78,0x6d,0x6c,0x20,0x76,0x65,0x72,0x73,0x69,0x6f,0x6e,0x3d,0x22,0x31,0x2e,
  0x30,0x22,0x20,0x73,0x74,0x61,0x6e,0x64,0x61,0x6c,0x6f,0x6e,0x65,0x3d,0x22,0x6e,
  0x6f,0x22,0x3f,0x3e,0x3c,0x21,0x44,0x4f,0x43,0x54,0x59,0x50,0x45,0x20,0x73,0x76,
  0x67,0x20,0x50,0x55,0x42,0x4c,0x49,0x43,0x20,0x22,0x2d,0x2f,0x2f,0x57,0x33,0x43,
  0x2f,0x2f,0x44,0x54,0x44,0x20,0x53,0x56,0x47,0x20,0x31,0x2e,0x31,0x2f,0x2f,0x45,
  0x4e,0x22,0x20,0x22,0x68,0x74,0x74,0x70,0x3a,0x2f,0x2f,0x77,0x77,0x77,0x2e,0x77,
  0x33,0x2e,0x6f,0x72,0x67,0x2f,0x47,0x72,0x61,0x70,0x68,0x69,0x63,0x73,0x2f,0x53,
  0x56,0x47,0x2f,0x31,0x2e,0x31,0x2f,0x44,0x54,0x44,0x2f,0x73,0x76,0x67,0x31,0x31,
  0x2e,0x64,0x74,0x64,0x22,0x3e,0x3c,0x73,0x76,0x67,0x20,0x74,0x3d,0x22,0x31,0x37,
  0x35,0x38,0x35,0x33,0x34,0x31,0x33,0x34,0x38,0x34,0x34,0x22,0x20,0x63,0x6c,0x61,
  0x73,0x73,0x3d,0x22,0x69,0x63,0x6f,0x6e,0x22,0x20,0x76,0x69,0x65,0x77,0x42,0x6f,
  0x78,0x3d,0x22,0x30,0x20,0x30,0x20,0x31,0x30,0x32,0x34,0x20,0x31,0x30,0x32,0x34,
  0x22,0x20,0x76,0x65,0x72,0x73,0x69,0x6f,0x6e,0x3d,0x22,0x31,0x2e,0x31,0x22,0x20,
  0x78,0x6d,0x6c,0x6e,0x73,0x3d,0x22,0x68,0x74,0x74,0x70,0x3a,0x2f,0x2f,0x77,0x77,
  0x77,0x2e,0x77,0x33,0x2e,0x6f,0x72,0x67,0x2f,0x32,0x30,0x30,0x30,0x2f,0x73,0x76,
  0x67,0x22,0x20,0x70,0x2d,0x69,0x64,0x3d,0x22,0x34,0x39,0x38,0x35,0x22,0x20,0x78,
  0x6d,0x6c,0x6e,0x73,0x3a,0x78,0x6c,0x69,0x6e,0x6b,0x3d,0x22,0x68,0x74,0x74,0x70,
  0x3a,0x2f,0x2f,0x77,0x77,0x77,0x2e,0x77,0x33,0x2e,0x6f,0x72,0x67,0x2f,0x31,0x39,
  0x39,0x39,0x2f,0x78,0x6c,0x69,0x6e,0x6b,0x22,0x20,0x77,0x69,0x64,0x74,0x68,0x3d,
  0x22,0x32,0x30,0x30,0x22,0x20,0x68,0x65,0x69,0x67,0x68,0x74,0x3d,0x22,0x32,0x30,
  0x30,0x22,0x3e,0x3c,0x70,0x61,0x74,0x68,0x20,0x64,0x3d,0x22,0x4d,0x31,0x32,0x38,
  0x20,0x35,0x34,0x34,0x68,0x37,0x36,0x38,0x61,0x33,0x31,0x2e,0x31,0x36,0x38,0x20,
  0x33,0x31,0x2e,0x31,0x36,0x38,0x20,0x30,0x20,0x30,0x20,0x30,0x20,0x32,0x33,0x2e,
  0x30,0x34,0x2d,0x38,0x2e,0x39,0x36,0x20,0x33,0x31,0x2e,0x31,0x36,0x38,0x20,0x33,
  0x31,0x2e,0x31,0x36,0x38,0x20,0x30,0x20,0x30,0x20,0x30,0x20,0x38,0x2e,0x39,0x36,
  0x2d,0x32,0x33,0x2e,0x30,0x34,0x20,0x33,0x31,0x2e,0x31,0x36,0x38,0x20,0x33,0x31,
  0x2e,0x31,0x36,0x38,0x20,0x30,0x20,0x30,0x20,0x30,0x2d,0x38,0x2e,0x39,0x36,0x2d,
  0x32,0x33,0x2e,0x30,0x34,0x20,0x33,0x31,0x2e,0x31,0x36,0x38,0x20,0x33,0x31,0x2e,
  0x31,0x36,0x38,0x20,0x30,0x20,0x30,0x20,0x30,0x2d,0x32,0x33,0x2e,0x30,0x34,0x2d,
  0x38,0x2e,0x39,0x36,0x48,0x31,0x32,0x38,0x61,0x33,0x31,0x2e,0x31,0x36,0x38,0x20,
  0x33,0x31,0x2e,0x31,0x36,0x38,0x20,0x30,0x20,0x30,0x20,0x30,0x2d,0x32,0x33,0x2e,
  0x30,0x34,0x20,0x38,0x2e,0x39,0x36,0x20,0x33,0x31,0x2e,0x31,0x36,0x38,0x20,0x33,
  0x31,0x2e,0x31,0x36,0x38,0x20,0x30,0x20,0x30,0x20,0x30,0x2d,0x38,0x2e,0x39,0x36,
  0x20,0x32,0x33,0x2e,0x30,0x34,0x63,0x30,0x20,0x39,0x2e,0x33,0x34,0x34,0x20,0x33,
  0x2e,0x30,0x30,0x38,0x20,0x31,0x37,0x2e,0x30,0x32,0x34,0x20,0x38,0x2e,0x39,0x36,
  0x20,0x32,0x33,0x2e,0x30,0x34,0x20,0x36,0x2e,0x30,0x31,0x36,0x20,0x35,0x2e,0x39,
  0x35,0x32,0x20,0x31,0x33,0x2e,0x36,0x39,0x36,0x20,0x38,0x2e,0x39,0x36,0x20,0x32,
  0x33,0x2e,0x30,0x34,0x20,0x38,0x2e,0x39,0x36,0x7a,0x22,0x20,0x70,0x2d,0x69,0x64,
  0x3d,0x22,0x34,0x39,0x38,0x36,0x22,0x3e,0x3c,0x2f,0x70,0x61,0x74,0x68,0x3e,0x3c,
  0x2f,0x73,0x76,0x67,0x3e,
    // message.svg
  0x0,0x0,0x5,0x15,
  0x3c,
  0x3f,0x78,0x6d,0x6c,0x20,0x76,0x65,0x72,0x73,0x69,0x6f,0x6e,0x3d,0x22,0x31,0x2e,
  0x30,0x22,0x20,0x73,0x74,0x61,0x6e,0x64,0x61,0x6c,0x6f,0x6e,0x65,0x3d,0x22,0x6e,
  0x6f,0x22,0x3f,0x3e,0x3c,0x21,0x44,0x4f,0x43,0x54,0x59,0x50,0x45,0x20,0x73,0x76,
  0x67,0x20,0x50,0x55,0x42,0x4c,0x49,0x43,0x20,0x22,0x2d,0x2f,0x2f,0x57,0x33,0x43,
  0x2f,0x2f,0x44,0x54,0x44,0x20,0x53,0x56,0x47,0x20,0x31,0x2e,0x31,0x2f,0x2f,0x45,
  0x4e,0x22,0x20,0x22,0x68,0x74,0x74,0x70,0x3a,0x2f,0x2f,0x77,0x77,0x77,0x2e,0x77,
  0x33,0x2e,0x6f,0x72,0x67,0x2f,0x47,0x72,0x61,0x70,0x68,0x69,0x63,0x73,0x2f,0x53,
  0x56,0x47,0x2f,0x31,0x2e,0x31,0x2f,0x44,0x54,0x44,0x2f,0x73,0x76,0x67,0x31,0x31,
  0x2e,0x64,0x74,0x64,0x22,0x3e,0x3c,0x73,0x76,0x67,0x20,0x74,0x3d,0x22,0x31,0x37,
  0x36,0x30,0x36,0x32,0x30,0x30,0x32,0x30,0x36,0x34,0x32,0x22,0x20,0x63,0x6c,0x61,
  0x73,0x73,0x3d,0x22,0x69,0x63,0x6f,0x6e,0x22,0x20,0x76,0x69,0x65,0x77,0x42,0x6f,
  0x78,0x3d,0x22,0x30,0x20,0x30,0x20,0x31,0x30,0x32,0x34,0x20,0x31,0x30,0x32,0x34,
  0x22,0x20,0x76,0x65,0x72,0x73,0x69,0x6f,0x6e,0x3d,0x22,0x31,0x2e,0x31,0x22,0x20,
  0x78,0x6d,0x6c,0x6e,0x73,0x3d,0x22,0x68,0x74,0x74,0x70,0x3a,0x2f,0x2f,0x77,0x77,
  0x77,0x2e,0x77,0x33,0x2e,0x6f,0x72,0x67,0x2f,0x32,0x30,0x30,0x30,0x2f,0x73,0x76,
  0x67,0x22,0x20,0x70,0x2d,0x69,0x64,0x3d,0x22,0x33,0x39,0x31,0x39,0x22,0x20,0x78,
  0x6d,0x6c,0x6e,0x73,0x3a,0x78,0x6c,0x69,0x6e,0x6b,0x3d,0x22,0x68,0x74,0x74,0x70,
  0x3a,0x2f,0x2f,0x77,0x77,0x77,0x2e,0x77,0x33,0x2e,0x6f,0x72,0x67,0x2f,0x31,0x39,
  0x39,0x39,0x2f,0x78,0x6c,0x69,0x6e,0x6b,0x22,0x20,0x77,0x69,0x64,0x74,0x68,0x3d,
  0x22,0x31,0x39,0x30,0x22,0x20,0x68,0x65,0x69,0x67,0x68,0x74,0x3d,0x22,0x31,0x39,
  0x30,0x22,0x3e,0x3c,0x70,0x61,0x74,0x68,0x20,0x64,0x3d,0x22,0x4d,0x35,0x31,0x32,
  0x20,0x38,0x37,0x30,0x2e,0x39,0x31,0x32,0x63,0x2d,0x33,0x30,0x2e,0x37,0x32,0x20,
  0x30,0x2d,0x36,0x30,0x2e,0x34,0x31,0x36,0x2d,0x32,0x2e,0x35,0x36,0x2d,0x38,0x39,
  0x2e,0x36,0x2d,0x37,0x2e,0x36,0x38,0x6c,0x2d,0x32,0x31,0x30,0x2e,0x34,0x33,0x32,
  0x20,0x31,0x32,0x37,0x2e,0x34,0x38,0x38,0x56,0x37,0x37,0x38,0x2e,0x32,0x34,0x43,
  0x31,0x30,0x32,0x2e,0x34,0x20,0x37,0x30,0x31,0x2e,0x34,0x34,0x20,0x33,0x32,0x2e,
  0x32,0x35,0x36,0x20,0x35,0x38,0x33,0x2e,0x36,0x38,0x20,0x33,0x32,0x2e,0x32,0x35,
  0x36,0x20,0x34,0x35,0x31,0x2e,0x30,0x37,0x32,0x63,0x30,0x2d,0x32,0x33,0x31,0x2e,
  0x39,0x33,0x36,0x20,0x32,0x31,0x35,0x2e,0x30,0x34,0x2d,0x34,0x31,0x39,0x2e,0x38,
  0x34,0x20,0x34,0x37,0x39,0x2e,0x37,0x34,0x34,0x2d,0x34,0x31,0x39,0x2e,0x38,0x34,
  0x20,0x32,0x36,0x35,0x2e,0x32,0x31,0x36,0x20,0x30,0x20,0x34,0x37,0x39,0x2e,0x37,
  0x34,0x34,0x20,0x31,0x38,0x37,0x2e,0x39,0x30,0x34,0x20,0x34,0x37,0x39,0x2e,0x37,
  0x34,0x34,0x20,0x34,0x31,0x39,0x2e,0x38,0x34,0x73,0x2d,0x32,0x31,0x34,0x2e,0x35,
  0x32,0x38,0x20,0x34,0x31,0x39,0x2e,0x38,0x34,0x2d,0x34,0x37,0x39,0x2e,0x37,0x34,
  0x34,0x20,0x34,0x31,0x39,0x2e,0x38,0x34,0x7a,0x20,0x6d,0x30,0x2d,0x37,0x37,0x39,
  0x2e,0x37,0x37,0x36,0x63,0x2d,0x32,0x33,0x31,0x2e,0x39,0x33,0x36,0x20,0x30,0x2d,
  0x34,0x31,0x39,0x2e,0x38,0x34,0x20,0x31,0x36,0x31,0x2e,0x32,0x38,0x2d,0x34,0x31,
  0x39,0x2e,0x38,0x34,0x20,0x33,0x35,0x39,0x2e,0x39,0x33,0x36,0x20,0x30,0x20,0x31,
  0x32,0x31,0x2e,0x38,0x35,0x36,0x20,0x37,0x31,0x2e,0x31,0x36,0x38,0x20,0x32,0x32,
  0x39,0x2e,0x33,0x37,0x36,0x20,0x31,0x37,0x39,0x2e,0x32,0x20,0x32,0x39,0x34,0x2e,
  0x39,0x31,0x32,0x6c,0x2d,0x32,0x2e,0x30,0x34,0x38,0x20,0x31,0x33,0x39,0x2e,0x32,
  0x36,0x34,0x20,0x31,0x34,0x31,0x2e,0x33,0x31,0x32,0x2d,0x38,0x34,0x2e,0x39,0x39,
  0x32,0x63,0x33,0x32,0x2e,0x37,0x36,0x38,0x20,0x37,0x2e,0x31,0x36,0x38,0x20,0x36,
  0x36,0x2e,0x35,0x36,0x20,0x31,0x31,0x2e,0x32,0x36,0x34,0x20,0x31,0x30,0x31,0x2e,
  0x33,0x37,0x36,0x20,0x31,0x31,0x2e,0x32,0x36,0x34,0x20,0x32,0x33,0x31,0x2e,0x39,
  0x33,0x36,0x20,0x30,0x20,0x34,0x31,0x39,0x2e,0x38,0x34,0x2d,0x31,0x36,0x31,0x2e,
  0x32,0x38,0x20,0x34,0x31,0x39,0x2e,0x38,0x34,0x2d,0x33,0x35,0x39,0x2e,0x39,0x33,
  0x36,0x20,0x30,0x2d,0x31,0x39,0x39,0x2e,0x31,0x36,0x38,0x2d,0x31,0x38,0x37,0x2e,
  0x39,0x30,0x34,0x2d,0x33,0x36,0x30,0x2e,0x34,0x34,0x38,0x2d,0x34,0x31,0x39,0x2e,
  0x38,0x34,0x2d,0x33,0x36,0x30,0x2e,0x34,0x34,0x38,0x7a,0x20,0x6d,0x32,0x34,0x30,
  0x2e,0x31,0x32,0x38,0x20,0x34,0x31,0x39,0x2e,0x38,0x34,0x63,0x2d,0x33,0x33,0x2e,
  0x32,0x38,0x20,0x30,0x2d,0x35,0x39,0x2e,0x39,0x30,0x34,0x2d,0x32,0x36,0x2e,0x36,
  0x32,0x34,0x2d,0x35,0x39,0x2e,0x39,0x30,0x34,0x2d,0x35,0x39,0x2e,0x39,0x30,0x34,
  0x20,0x30,0x2d,0x33,0x33,0x2e,0x32,0x38,0x20,0x32,0x36,0x2e,0x36,0x32,0x34,0x2d,
  0x35,0x39,0x2e,0x39,0x30,0x34,0x20,0x35,0x39,0x2e,0x39,0x30,0x34,0x2d,0x35,0x39,
  0x2e,0x39,0x30,0x34,0x20,0x33,0x33,0x2e,0x32,0x38,0x20,0x30,0x20,0x35,0x39,0x2e,
  0x39,0x30,0x34,0x20,0x32,0x36,0x2e,0x36,0x32,0x34,0x20,0x35,0x39,0x2e,0x39,0x30,
  0x34,0x20,0x35,0x39,0x2e,0x39,0x30,0x34,0x20,0x30,0x20,0x33,0x33,0x2e,0x32,0x38,
  0x2d,0x32,0x37,0x2e,0x31,0x33,0x36,0x20,0x35,0x39,0x2e,0x39,0x30,0x34,0x2d,0x35,
  0x39,0x2e,0x39,0x30,0x34,0x20,0x35,0x39,0x2e,0x39,0x30,0x34,0x7a,0x20,0x6d,0x2d,
  0x32,0x34,0x30,0x2e,0x31,0x32,0x38,0x20,0x30,0x63,0x2d,0x33,0x33,0x2e,0x32,0x38,
  0x20,0x30,0x2d,0x35,0x39,0x2e,0x39,0x30,0x34,0x2d,0x32,0x36,0x2e,0x36,0x32,0x34,
  0x2d,0x35,0x39,0x2e,0x39,0x30,0x34,0x2d,0x35,0x39,0x2e,0x39,0x30,0x34,0x20,0x30,
  0x2d,0x33,0x33,0x2e,0x32,0x38,0x20,0x32,0x36,0x2e,0x36,0x32,0x34,0x2d,0x35,0x39,
  0x2e,0x39,0x30,0x34,0x20,0x35,0x39,0x2e,0x39,0x30,0x34,0x2d,0x35,0x39,0x2e,0x39,
  0x30,0x34,0x20,0x33,0x33,0x2e,0x32,0x38,0x20,0x30,0x20,0x35,0x39,0x2e,0x39,0x30,
  0x34,0x20,0x32,0x36,0x2e,0x36,0x32,0x34,0x20,0x35,0x39,0x2e,0x39,0x30,0x34,0x20,
  0x35,0x39,0x2e,0x39,0x30,0x34,0x20,0x30,0x20,0x33,0x33,0x2e,0x32,0x38,0x2d,0x32,
  0x36,0x2e,0x36,0x32,0x34,0x20,0x35,0x39,0x2e,0x39,0x30,0x34,0x2d,0x35,0x39,0x2e,
  0x39,0x30,0x34,0x20,0x35,0x39,0x2e,0x39,0x30,0x34,0x7a,0x20,0x6d,0x2d,0x32,0x34,
  0x30,0x2e,0x31,0x32,0x38,0x20,0x30,0x63,0x2d,0x33,0x33,0x2e,0x32,0x38,0x20,0x30,
  0x2d,0x35,0x39,0x2e,0x39,0x30,0x34,0x2d,0x32,0x36,0x2e,0x36,0x32,0x34,0x2d,0x35,
  0x39,0x2e,0x39,0x30,0x34,0x2d,0x35,0x39,0x2e,0x39,0x30,0x34,0x20,0x30,0x2d,0x33,
  0x33,0x2e,0x32,0x38,0x20,0x32,0x36,0x2e,0x36,0x32,0x34,0x2d,0x35,0x39,0x2e,0x39,
  0x30,0x34,0x20,0x35,0x39,0x2e,0x39,0x30,0x34,0x2d,0x35,0x39,0x2e,0x39,0x30,0x34,
  0x20,0x33,0x33,0x2e,0x32,0x38,0x20,0x30,0x20,0x35,0x39,0x2e,0x39,0x30,0x34,0x20,
  0x32,0x36,0x2e,0x36,0x32,0x34,0x20,0x35,0x39,0x2e,0x39,0x30,0x34,0x20,0x35,0x39,
  0x2e,0x39,0x30,0x34,0x20,0x30,0x20,0x33,0x33,0x2e,0x32,0x38,0x2d,0x32,0x36,0x2e,
  0x36,0x32,0x34,0x20,0x35,0x39,0x2e,0x39,0x30,0x34,0x2d,0x35,0x39,0x2e,0x39,0x30,
  0x34,0x20,0x35,0x39,0x2e,0x39,0x30,0x34,0x7a,0x22,0x20,0x70,0x2d,0x69,0x64,0x3d,
  0x22,0x33,0x39,0x32,0x30,0x22,0x3e,0x3c,0x2f,0x70,0x61,0x74,0x68,0x3e,0x3c,0x2f,
  0x73,0x76,0x67,0x3e,
    // setting.svg
  0x0,0x0,0x7,0x4c,
  0x3c,
  0x3f,0x78,0x6d,0x6c,0x20,0x76,0x65,0x72,0x73,0x69,0x6f,0x6e,0x3d,0x22,0x31,0x2e,
  0x30,0x22,0x20,0x73,0x74,0x61,0x6e,0x64,0x61,0x6c,0x6f,0x6e,0x65,0x3d,0x22,0x6e,
  0x6f,0x22,0x3f,0x3e,0x3c,0x21,0x44,0x4f,0x43,0x54,0x59,0x50,0x45,0x20,0x73,0x76,
  0x67,0x20,0x50,0x55,0x42,0x4c,0x49,0x43,0x20,0x22,0x2d,0x2f,0x2f,0x57,0x33,0x43,
  0x2f,0x2f,0x44,0x54,0x44,0x20,0x53,0x56,0x47,0x20,0x31,0x2e,0x31,0x2f,0x2f,0x45,
  0x4e,0x22,0x20,0x22,0x68,0x74,0x74,0x70,0x3a,0x2f,0x2f,0x77,0x77,0x77,0x2e,0x77,
  0x33,0x2e,0x6f,0x72,0x67,0x2f,0x47,0x72,0x61,0x70,0x68,0x69,0x63,0x73,0x2f,0x53,
  0x56,0x47,0x2f,0x31,0x2e,0x31,0x2f,0x44,0x54,0x44,0x2f,0x73,0x76,0x67,0x31,0x31,
  0x2e,0x64,0x74,0x64,0x22,0x3e,0x3c,0x73,0x76,0x67,0x20,0x74,0x3d,0x22,0x31,0x37,
  0x36,0x30,0x36,0x31,0x39,0x39,0x39,0x30,0x31,0x35,0x30,0x22,0x20,0x63,0x6c,0x61,
  0x73,0x73,0x3d,0x22,0x69,0x63,0x6f,0x6e,0x22,0x20,0x76,0x69,0x65,0x77,0x42,0x6f,
  0x78,0x3d,0x22,0x30,0x20,0x30,0x20,0x31,0x30,0x32,0x34,0x20,0x31,0x30,0x32,0x34,
  0x22,0x20,0x76,0x65,0x72,0x73,0x69,0x6f,0x6e,0x3d,0x22,0x31,0x2e,0x31,0x22,0x20,
  0x78,0x6d,0x6c,0x6e,0x73,0x3d,0x22,0x68,0x74,0x74,0x70,0x3a,0x2f,0x2f,0x77,0x77,
  0x77,0x2e,0x77,0x33,0x2e,0x6f,0x72,0x67,0x2f,0x32,0x30,0x30,0x30,0x2f,0x73,0x76,
  0x67,0x22,0x20,0x70,0x2d,0x69,0x64,0x3d,0x22,0x33,0x31,0x30,0x38,0x22,0x20,0x78,
  0x6d,0x6c,0x6e,0x73,0x3a,0x78,0x6c,0x69,0x6e,0x6b,0x3d,0x22,0x68,0x74,0x74,0x70,
  0x3a,0x2f,0x2f,0x77,0x77,0x77,0x2e,0x77,0x33,0x2e,0x6f,0x72,0x67,0x2f,0x31,0x39,
  0x39,0x39,0x2f,0x78,0x6c,0x69,0x6e,0x6b,0x22,0x20,0x77,0x69,0x64,0x74,0x68,0x3d,
  0x22,0x32,0x30,0x30,0x22,0x20,0x68,0x65,0x69,0x67,0x68,0x74,0x3d,0x22,0x32,0x30,
  0x30,0x22,0x3e,0x3c,0x70,0x61,0x74,0x68,0x20,0x64,0x3d,0x22,0x4d,0x35,0x31,0x32,
  0x2e,0x32,0x35,0x39,0x32,0x38,0x20,0x37,0x30,0x34,0x63,0x2d,0x31,0x30,0x38,0x2e,
  0x38,0x20,0x30,0x2d,0x31,0x39,0x32,0x2d,0x38,0x33,0x2e,0x32,0x2d,0x31,0x39,0x32,
  0x2d,0x31,0x39,0x32,0x73,0x38,0x33,0x2e,0x32,0x2d,0x31,0x39,0x32,0x20,0x31,0x39,
  0x32,0x2d,0x31,0x39,0x32,0x20,0x31,0x39,0x32,0x20,0x38,0x33,0x2e,0x32,0x20,0x31,
  0x39,0x32,0x20,0x31,0x39,0x32,0x2d,0x38,0x33,0x2e,0x32,0x20,0x31,0x39,0x32,0x2d,
  0x31,0x39,0x32,0x20,0x31,0x39,0x32,0x7a,0x20,0x6d,0x30,0x2d,0x33,0x32,0x30,0x63,
  0x2d,0x37,0x30,0x2e,0x34,0x20,0x30,0x2d,0x31,0x32,0x38,0x20,0x35,0x37,0x2e,0x36,
  0x2d,0x31,0x32,0x38,0x20,0x31,0x32,0x38,0x73,0x35,0x37,0x2e,0x36,0x20,0x31,0x32,
  0x38,0x20,0x31,0x32,0x38,0x20,0x31,0x32,0x38,0x20,0x31,0x32,0x38,0x2d,0x35,0x37,
  0x2e,0x36,0x20,0x31,0x32,0x38,0x2d,0x31,0x32,0x38,0x2d,0x35,0x37,0x2e,0x36,0x2d,
  0x31,0x32,0x38,0x2d,0x31,0x32,0x38,0x2d,0x31,0x32,0x38,0x7a,0x22,0x20,0x66,0x69,
  0x6c,0x6c,0x3d,0x22,0x23,0x33,0x33,0x33,0x33,0x33,0x33,0x22,0x20,0x70,0x2d,0x69,
  0x64,0x3d,0x22,0x33,0x31,0x30,0x39,0x22,0x3e,0x3c,0x2f,0x70,0x61,0x74,0x68,0x3e,
  0x3c,0x70,0x61,0x74,0x68,0x20,0x64,0x3d,0x22,0x4d,0x36,0x34,0x30,0x2e,0x32,0x35,
  0x39,0x32,0x38,0x20,0x31,0x30,0x32,0x34,0x48,0x33,0x38,0x34,0x2e,0x32,0x35,0x39,
  0x32,0x38,0x63,0x2d,0x31,0x39,0x2e,0x32,0x20,0x30,0x2d,0x33,0x32,0x2d,0x31,0x32,
  0x2e,0x38,0x2d,0x33,0x32,0x2d,0x33,0x32,0x76,0x2d,0x31,0x32,0x31,0x2e,0x36,0x63,
  0x2d,0x32,0x35,0x2e,0x36,0x2d,0x31,0x32,0x2e,0x38,0x2d,0x35,0x31,0x2e,0x32,0x2d,
  0x32,0x35,0x2e,0x36,0x2d,0x37,0x30,0x2e,0x34,0x2d,0x33,0x38,0x2e,0x34,0x6c,0x2d,
  0x31,0x30,0x32,0x2e,0x34,0x20,0x36,0x34,0x63,0x2d,0x31,0x32,0x2e,0x38,0x20,0x36,
  0x2e,0x34,0x2d,0x33,0x32,0x20,0x36,0x2e,0x34,0x2d,0x34,0x34,0x2e,0x38,0x2d,0x31,
  0x32,0x2e,0x38,0x6c,0x2d,0x31,0x32,0x38,0x2d,0x32,0x32,0x34,0x43,0x2d,0x36,0x2e,
  0x31,0x34,0x30,0x37,0x32,0x20,0x36,0x34,0x30,0x20,0x30,0x2e,0x32,0x35,0x39,0x32,
  0x38,0x20,0x36,0x32,0x30,0x2e,0x38,0x20,0x31,0x39,0x2e,0x34,0x35,0x39,0x32,0x38,
  0x20,0x36,0x31,0x34,0x2e,0x34,0x6c,0x31,0x30,0x32,0x2e,0x34,0x2d,0x36,0x34,0x76,
  0x2d,0x37,0x36,0x2e,0x38,0x6c,0x2d,0x31,0x30,0x32,0x2e,0x34,0x2d,0x36,0x34,0x43,
  0x30,0x2e,0x32,0x35,0x39,0x32,0x38,0x20,0x34,0x30,0x33,0x2e,0x32,0x2d,0x36,0x2e,
  0x31,0x34,0x30,0x37,0x32,0x20,0x33,0x38,0x34,0x20,0x36,0x2e,0x36,0x35,0x39,0x32,
  0x38,0x20,0x33,0x36,0x34,0x2e,0x38,0x6c,0x31,0x32,0x38,0x2d,0x32,0x32,0x34,0x63,
  0x36,0x2e,0x34,0x2d,0x31,0x32,0x2e,0x38,0x20,0x32,0x35,0x2e,0x36,0x2d,0x31,0x39,
  0x2e,0x32,0x20,0x34,0x34,0x2e,0x38,0x2d,0x36,0x2e,0x34,0x6c,0x31,0x30,0x32,0x2e,
  0x34,0x20,0x36,0x34,0x63,0x31,0x39,0x2e,0x32,0x2d,0x31,0x32,0x2e,0x38,0x20,0x34,
  0x34,0x2e,0x38,0x2d,0x33,0x32,0x20,0x37,0x30,0x2e,0x34,0x2d,0x33,0x38,0x2e,0x34,
  0x56,0x33,0x32,0x63,0x30,0x2d,0x31,0x39,0x2e,0x32,0x20,0x31,0x32,0x2e,0x38,0x2d,
  0x33,0x32,0x20,0x33,0x32,0x2d,0x33,0x32,0x68,0x32,0x35,0x36,0x63,0x31,0x39,0x2e,
  0x32,0x20,0x30,0x20,0x33,0x32,0x20,0x31,0x32,0x2e,0x38,0x20,0x33,0x32,0x20,0x33,
  0x32,0x76,0x31,0x32,0x31,0x2e,0x36,0x63,0x32,0x35,0x2e,0x36,0x20,0x31,0x32,0x2e,
  0x38,0x20,0x35,0x31,0x2e,0x32,0x20,0x32,0x35,0x2e,0x36,0x20,0x37,0x30,0x2e,0x34,
  0x20,0x33,0x38,0x2e,0x34,0x6c,0x31,0x30,0x32,0x2e,0x34,0x2d,0x36,0x34,0x63,0x31,
  0x32,0x2e,0x38,0x2d,0x36,0x2e,0x34,0x20,0x33,0x32,0x2d,0x36,0x2e,0x34,0x20,0x34,
  0x34,0x2e,0x38,0x20,0x31,0x32,0x2e,0x38,0x6c,0x31,0x32,0x38,0x20,0x32,0x32,0x34,
  0x63,0x31,0x32,0x2e,0x38,0x20,0x31,0x39,0x2e,0x32,0x20,0x36,0x2e,0x34,0x20,0x33,
  0x38,0x2e,0x34,0x2d,0x31,0x32,0x2e,0x38,0x20,0x34,0x34,0x2e,0x38,0x6c,0x2d,0x31,
  0x30,0x32,0x2e,0x34,0x20,0x36,0x34,0x76,0x37,0x36,0x2e,0x38,0x6c,0x31,0x30,0x32,
  0x2e,0x34,0x20,0x36,0x34,0x63,0x31,0x32,0x2e,0x38,0x20,0x36,0x2e,0x34,0x20,0x31,
  0x39,0x2e,0x32,0x20,0x32,0x35,0x2e,0x36,0x20,0x31,0x32,0x2e,0x38,0x20,0x34,0x34,
  0x2e,0x38,0x6c,0x2d,0x31,0x32,0x38,0x20,0x32,0x32,0x34,0x63,0x2d,0x36,0x2e,0x34,
  0x20,0x31,0x32,0x2e,0x38,0x2d,0x32,0x35,0x2e,0x36,0x20,0x31,0x39,0x2e,0x32,0x2d,
  0x34,0x34,0x2e,0x38,0x20,0x31,0x32,0x2e,0x38,0x6c,0x2d,0x31,0x30,0x32,0x2e,0x34,
  0x2d,0x36,0x34,0x63,0x2d,0x31,0x39,0x2e,0x32,0x20,0x31,0x32,0x2e,0x38,0x2d,0x34,
  0x34,0x2e,0x38,0x20,0x33,0x32,0x2d,0x37,0x30,0x2e,0x34,0x20,0x33,0x38,0x2e,0x34,
  0x56,0x39,0x39,0x32,0x63,0x30,0x20,0x31,0x39,0x2e,0x32,0x2d,0x31,0x32,0x2e,0x38,
  0x20,0x33,0x32,0x2d,0x33,0x32,0x20,0x33,0x32,0x7a,0x20,0x6d,0x2d,0x32,0x32,0x34,
  0x2d,0x36,0x34,0x68,0x31,0x39,0x32,0x76,0x2d,0x31,0x30,0x38,0x2e,0x38,0x63,0x30,
  0x2d,0x31,0x32,0x2e,0x38,0x20,0x36,0x2e,0x34,0x2d,0x32,0x35,0x2e,0x36,0x20,0x31,
  0x39,0x2e,0x32,0x2d,0x33,0x32,0x20,0x33,0x32,0x2d,0x31,0x32,0x2e,0x38,0x20,0x36,
  0x34,0x2d,0x33,0x32,0x20,0x38,0x39,0x2e,0x36,0x2d,0x35,0x31,0x2e,0x32,0x20,0x31,
  0x32,0x2e,0x38,0x2d,0x36,0x2e,0x34,0x20,0x32,0x35,0x2e,0x36,0x2d,0x36,0x2e,0x34,
  0x20,0x33,0x38,0x2e,0x34,0x20,0x30,0x6c,0x39,0x36,0x20,0x35,0x37,0x2e,0x36,0x20,
  0x39,0x36,0x2d,0x31,0x36,0x36,0x2e,0x34,0x2d,0x39,0x36,0x2d,0x35,0x37,0x2e,0x36,
  0x63,0x2d,0x31,0x32,0x2e,0x38,0x2d,0x31,0x32,0x2e,0x38,0x2d,0x31,0x39,0x2e,0x32,
  0x2d,0x32,0x35,0x2e,0x36,0x2d,0x31,0x32,0x2e,0x38,0x2d,0x33,0x38,0x2e,0x34,0x20,
  0x30,0x2d,0x31,0x39,0x2e,0x32,0x20,0x36,0x2e,0x34,0x2d,0x33,0x32,0x20,0x36,0x2e,
  0x34,0x2d,0x35,0x31,0x2e,0x32,0x73,0x30,0x2d,0x33,0x32,0x2d,0x36,0x2e,0x34,0x2d,
  0x35,0x31,0x2e,0x32,0x63,0x30,0x2d,0x31,0x32,0x2e,0x38,0x20,0x36,0x2e,0x34,0x2d,
  0x32,0x35,0x2e,0x36,0x20,0x31,0x32,0x2e,0x38,0x2d,0x33,0x32,0x6c,0x39,0x36,0x2d,
  0x35,0x37,0x2e,0x36,0x2d,0x39,0x36,0x2d,0x31,0x36,0x36,0x2e,0x34,0x2d,0x39,0x36,
  0x20,0x35,0x37,0x2e,0x36,0x63,0x2d,0x31,0x32,0x2e,0x38,0x20,0x36,0x2e,0x34,0x2d,
  0x32,0x35,0x2e,0x36,0x20,0x36,0x2e,0x34,0x2d,0x33,0x38,0x2e,0x34,0x20,0x30,0x2d,
  0x32,0x35,0x2e,0x36,0x2d,0x31,0x39,0x2e,0x32,0x2d,0x35,0x37,0x2e,0x36,0x2d,0x33,
  0x38,0x2e,0x34,0x2d,0x38,0x39,0x2e,0x36,0x2d,0x35,0x31,0x2e,0x32,0x2d,0x31,0x32,
  0x2e,0x38,0x2d,0x31,0x32,0x2e,0x38,0x2d,0x31,0x39,0x2e,0x32,0x2d,0x32,0x35,0x2e,
  0x36,0x2d,0x31,0x39,0x2e,0x32,0x2d,0x33,0x38,0x2e,0x34,0x56,0x36,0x34,0x48,0x34,
  0x31,0x36,0x2e,0x32,0x35,0x39,0x32,0x38,0x76,0x31,0x30,0x38,0x2e,0x38,0x63,0x30,
  0x20,0x31,0x32,0x2e,0x38,0x2d,0x36,0x2e,0x34,0x20,0x32,0x35,0x2e,0x36,0x2d,0x31,
  0x39,0x2e,0x32,0x20,0x33,0x32,0x2d,0x33,0x32,0x20,0x31,0x32,0x2e,0x38,0x2d,0x36,
  0x34,0x20,0x33,0x32,0x2d,0x38,0x39,0x2e,0x36,0x20,0x35,0x31,0x2e,0x32,0x2d,0x31,
  0x32,0x2e,0x38,0x20,0x36,0x2e,0x34,0x2d,0x32,0x35,0x2e,0x36,0x20,0x36,0x2e,0x34,
  0x2d,0x33,0x38,0x2e,0x34,0x20,0x30,0x6c,0x2d,0x39,0x36,0x2d,0x35,0x31,0x2e,0x32,
  0x2d,0x39,0x36,0x20,0x31,0x36,0x36,0x2e,0x34,0x20,0x39,0x36,0x20,0x35,0x37,0x2e,
  0x36,0x63,0x31,0x32,0x2e,0x38,0x20,0x36,0x2e,0x34,0x20,0x31,0x39,0x2e,0x32,0x20,
  0x31,0x39,0x2e,0x32,0x20,0x31,0x32,0x2e,0x38,0x20,0x33,0x32,0x20,0x30,0x20,0x31,
  0x39,0x2e,0x32,0x2d,0x36,0x2e,0x34,0x20,0x33,0x32,0x2d,0x36,0x2e,0x34,0x20,0x35,
  0x31,0x2e,0x32,0x20,0x30,0x20,0x31,0x39,0x2e,0x32,0x20,0x30,0x20,0x33,0x32,0x20,
  0x36,0x2e,0x34,0x20,0x35,0x31,0x2e,0x32,0x20,0x36,0x2e,0x34,0x20,0x31,0x32,0x2e,
  0x38,0x20,0x30,0x20,0x32,0x35,0x2e,0x36,0x2d,0x31,0x32,0x2e,0x38,0x20,0x33,0x32,
  0x6c,0x2d,0x39,0x36,0x20,0x35,0x37,0x2e,0x36,0x20,0x39,0x36,0x20,0x31,0x36,0x36,
  0x2e,0x34,0x20,0x39,0x36,0x2d,0x35,0x37,0x2e,0x36,0x63,0x31,0x32,0x2e,0x38,0x2d,
  0x36,0x2e,0x34,0x20,0x32,0x35,0x2e,0x36,0x2d,0x36,0x2e,0x34,0x20,0x33,0x38,0x2e,
  0x34,0x20,0x30,0x20,0x32,0x35,0x2e,0x36,0x20,0x31,0x39,0x2e,0x32,0x20,0x35,0x37,
  0x2e,0x36,0x20,0x33,0x38,0x2e,0x34,0x20,0x38,0x39,0x2e,0x36,0x20,0x35,0x31,0x2e,
  0x32,0x20,0x31,0x32,0x2e,0x38,0x20,0x36,0x2e,0x34,0x20,0x31,0x39,0x2e,0x32,0x20,
  0x31,0x39,0x2e,0x32,0x20,0x31,0x39,0x2e,0x32,0x20,0x33,0x32,0x56,0x39,0x36,0x30,
  0x7a,0x22,0x20,0x66,0x69,0x6c,0x6c,0x3d,0x22,0x23,0x33,0x33,0x33,0x33,0x33,0x33,
  0x22,0x20,0x70,0x2d,0x69,0x64,0x3d,0x22,0x33,0x31,0x31,0x30,0x22,0x3e,0x3c,0x2f,
  0x70,0x61,0x74,0x68,0x3e,0x3c,0x2f,0x73,0x76,0x67,0x3e,
  
};

static const unsigned char qt_resource_name[] = {
  // img
  0x0,0x3,
  0x0,0x0,0x70,0x37,
  0x0,0x69,
  0x0,0x6d,0x0,0x67,
    // file.svg
  0x0,0x8,
  0x0,0x28,0x57,0x67,
  0x0,0x66,
  0x0,0x69,0x0,0x6c,0x0,0x65,0x0,0x2e,0x0,0x73,0x0,0x76,0x0,0x67,
    // friend.svg
  0x0,0xa,
  0xc,0x4a,0xeb,0x27,
  0x0,0x66,
  0x0,0x72,0x0,0x69,0x0,0x65,0x0,0x6e,0x0,0x64,0x0,0x2e,0x0,0x73,0x0,0x76,0x0,0x67,
    // friend-in.svg
  0x0,0xd,
  0x9,0x1e,0xd3,0x87,
  0x0,0x66,
  0x0,0x72,0x0,0x69,0x0,0x65,0x0,0x6e,0x0,0x64,0x0,0x2d,0x0,0x69,0x0,0x6e,0x0,0x2e,0x0,0x73,0x0,0x76,0x0,0x67,
    // copy-document.svg
  0x0,0x11,
  0xe,0x95,0x95,0xa7,
  0x0,0x63,
  0x0,0x6f,0x0,0x70,0x0,0x79,0x0,0x2d,0x0,0x64,0x0,0x6f,0x0,0x63,0x0,0x75,0x0,0x6d,0x0,0x65,0x0,0x6e,0x0,0x74,0x0,0x2e,0x0,0x73,0x0,0x76,0x0,0x67,
  
    // close.svg
  0x0,0x9,
  0x6,0x98,0x8e,0xa7,
  0x0,0x63,
  0x0,0x6c,0x0,0x6f,0x0,0x73,0x0,0x65,0x0,0x2e,0x0,0x73,0x0,0x76,0x0,0x67,
    // filecon.svg
  0x0,0xb,
  0xa,0xbb,0x5f,0xa7,
  0x0,0x66,
  0x0,0x69,0x0,0x6c,0x0,0x65,0x0,0x63,0x0,0x6f,0x0,0x6e,0x0,0x2e,0x0,0x73,0x0,0x76,0x0,0x67,
    // user.svg
  0x0,0x8,
  0x9,0xc5,0x55,0x47,
  0x0,0x75,
  0x0,0x73,0x0,0x65,0x0,0x72,0x0,0x2e,0x0,0x73,0x0,0x76,0x0,0x67,
    // setting-in.svg
  0x0,0xe,
  0xa,0xb7,0x4d,0x67,
  0x0,0x73,
  0x0,0x65,0x0,0x74,0x0,0x74,0x0,0x69,0x0,0x6e,0x0,0x67,0x0,0x2d,0x0,0x69,0x0,0x6e,0x0,0x2e,0x0,0x73,0x0,0x76,0x0,0x67,
    // file-in.svg
  0x0,0xb,
  0x3,0x5b,0x5f,0xc7,
  0x0,0x66,
  0x0,0x69,0x0,0x6c,0x0,0x65,0x0,0x2d,0x0,0x69,0x0,0x6e,0x0,0x2e,0x0,0x73,0x0,0x76,0x0,0x67,
    // oExit-fullscreen.svg
  0x0,0x14,
  0x0,0x27,0x99,0x47,
  0x0,0x6f,
  0x0,0x45,0x0,0x78,0x0,0x69,0x0,0x74,0x0,0x2d,0x0,0x66,0x0,0x75,0x0,0x6c,0x0,0x6c,0x0,0x73,0x0,0x63,0x0,0x72,0x0,0x65,0x0,0x65,0x0,0x6e,0x0,0x2e,
  0x0,0x73,0x0,0x76,0x0,0x67,
    // full-screen.svg
  0x0,0xf,
  0xe,0x69,0xd8,0xc7,
  0x0,0x66,
  0x0,0x75,0x0,0x6c,0x0,0x6c,0x0,0x2d,0x0,0x73,0x0,0x63,0x0,0x72,0x0,0x65,0x0,0x65,0x0,0x6e,0x0,0x2e,0x0,0x73,0x0,0x76,0x0,0x67,
    // user-in.svg
  0x0,0xb,
  0x3,0x38,0x62,0x67,
  0x0,0x75,
  0x0,0x73,0x0,0x65,0x0,0x72,0x0,0x2d,0x0,0x69,0x0,0x6e,0x0,0x2e,0x0,0x73,0x0,0x76,0x0,0x67,
    // message-in.svg
  0x0,0xe,
  0xa,0xd3,0xbc,0xa7,
  0x0,0x6d,
  0x0,0x65,0x0,0x73,0x0,0x73,0x0,0x61,0x0,0x67,0x0,0x65,0x0,0x2d,0x0,0x69,0x0,0x6e,0x0,0x2e,0x0,0x73,0x0,0x76,0x0,0x67,
    // dircon.svg
  0x0,0xa,
  0xa,0x6c,0x3b,0xc7,
  0x0,0x64,
  0x0,0x69,0x0,0x72,0x0,0x63,0x0,0x6f,0x0,0x6e,0x0,0x2e,0x0,0x73,0x0,0x76,0x0,0x67,
    // minus.svg
  0x0,0x9,
  0x5,0xc6,0xb2,0xc7,
  0x0,0x6d,
  0x0,0x69,0x0,0x6e,0x0,0x75,0x0,0x73,0x0,0x2e,0x0,0x73,0x0,0x76,0x0,0x67,
    // message.svg
  0x0,0xb,
  0x7,0x33,0xcf,0xe7,
  0x0,0x6d,
  0x0,0x65,0x0,0x73,0x0,0x73,0x0,0x61,0x0,0x67,0x0,0x65,0x0,0x2e,0x0,0x73,0x0,0x76,0x0,0x67,
    // setting.svg
  0x0,0xb,
  0x0,0xbd,0xcd,0xa7,
  0x0,0x73,
  0x0,0x65,0x0,0x74,0x0,0x74,0x0,0x69,0x0,0x6e,0x0,0x67,0x0,0x2e,0x0,0x73,0x0,0x76,0x0,0x67,
  
};

static const unsigned char qt_resource_struct[] = {
  // :
  0x0,0x0,0x0,0x0,0x0,0x2,0x0,0x0,0x0,0x1,0x0,0x0,0x0,0x1,
0x0,0x0,0x0,0x0,0x0,0x0,0x0,0x0,
  // :/img
  0x0,0x0,0x0,0x0,0x0,0x2,0x0,0x0,0x0,0x11,0x0,0x0,0x0,0x2,
0x0,0x0,0x0,0x0,0x0,0x0,0x0,0x0,
  // :/img/oExit-fullscreen.svg
  0x0,0x0,0x1,0xc,0x0,0x0,0x0,0x0,0x0,0x1,0x0,0x0,0x2e,0x54,
0x0,0x0,0x1,0x99,0xf0,0x2,0x98,0x70,
  // :/img/file.svg
  0x0,0x0,0x0,0xc,0x0,0x0,0x0,0x0,0x0,0x1,0x0,0x0,0x0,0x0,
0x0,0x0,0x1,0x99,0xed,0x21,0x2f,0x18,
  // :/img/setting.svg
  0x0,0x0,0x1,0xea,0x0,0x0,0x0,0x0,0x0,0x1,0x0,0x0,0x4b,0xd8,
0x0,0x0,0x1,0x99,0xed,0x21,0xf,0xd8,
  // :/img/user-in.svg
  0x0,0x0,0x1,0x5e,0x0,0x0,0x0,0x0,0x0,0x1,0x0,0x0,0x39,0x6b,
0x0,0x0,0x1,0x99,0xed,0x20,0x87,0x20,
  // :/img/file-in.svg
  0x0,0x0,0x0,0xf0,0x0,0x0,0x0,0x0,0x0,0x1,0x0,0x0,0x2c,0x62,
0x0,0x0,0x1,0x99,0xed,0x21,0x1f,0x78,
  // :/img/minus.svg
  0x0,0x0,0x1,0xb6,0x0,0x0,0x0,0x0,0x0,0x1,0x0,0x0,0x44,0x45,
0x0,0x0,0x1,0x99,0x70,0xcd,0x74,0xa8,
  // :/img/close.svg
  0x0,0x0,0x0,0x84,0x0,0x0,0x0,0x0,0x0,0x1,0x0,0x0,0x18,0x6f,
0x0,0x0,0x1,0x99,0x71,0x93,0x68,0x70,
  // :/img/message.svg
  0x0,0x0,0x1,0xce,0x0,0x0,0x0,0x0,0x0,0x1,0x0,0x0,0x46,0xbf,
0x0,0x0,0x1,0x99,0xed,0x21,0x88,0xf0,
  // :/img/friend-in.svg
  0x0,0x0,0x0,0x3c,0x0,0x0,0x0,0x0,0x0,0x1,0x0,0x0,0xc,0x51,
0x0,0x0,0x1,0x99,0xed,0x20,0x73,0x98,
  // :/img/user.svg
  0x0,0x0,0x0,0xb8,0x0,0x0,0x0,0x0,0x0,0x1,0x0,0x0,0x1e,0x80,
0x0,0x0,0x1,0x99,0xed,0x20,0x96,0xc0,
  // :/img/dircon.svg
  0x0,0x0,0x1,0x9c,0x0,0x0,0x0,0x0,0x0,0x1,0x0,0x0,0x41,0xb3,
0x0,0x0,0x1,0x9d,0xe,0xb4,0x4b,0xa0,
  // :/img/setting-in.svg
  0x0,0x0,0x0,0xce,0x0,0x0,0x0,0x0,0x0,0x1,0x0,0x0,0x24,0x42,
0x0,0x0,0x1,0x99,0xed,0x20,0xa6,0x60,
  // :/img/filecon.svg
  0x0,0x0,0x0,0x9c,0x0,0x0,0x0,0x0,0x0,0x1,0x0,0x0,0x1c,0x1a,
0x0,0x0,0x1,0x9d,0xe,0xb4,0x1,0xc,
  // :/img/message-in.svg
  0x0,0x0,0x1,0x7a,0x0,0x0,0x0,0x0,0x0,0x1,0x0,0x0,0x3d,0x58,
0x0,0x0,0x1,0x99,0xed,0x21,0x75,0x68,
  // :/img/friend.svg
  0x0,0x0,0x0,0x22,0x0,0x0,0x0,0x0,0x0,0x1,0x0,0x0,0x2,0x3f,
0x0,0x0,0x1,0x99,0xed,0x20,0x60,0x10,
  // :/img/full-screen.svg
  0x0,0x0,0x1,0x3a,0x0,0x0,0x0,0x0,0x0,0x1,0x0,0x0,0x33,0xf4,
0x0,0x0,0x1,0x99,0x71,0x93,0x8f,0x80,
  // :/img/copy-document.svg
  0x0,0x0,0x0,0x5c,0x0,0x0,0x0,0x0,0x0,0x1,0x0,0x0,0x13,0xd8,
0x0,0x0,0x1,0x99,0x71,0x92,0xf3,0x40,

};

#ifdef QT_NAMESPACE
#  define QT_RCC_PREPEND_NAMESPACE(name) ::QT_NAMESPACE::name
#  define QT_RCC_MANGLE_NAMESPACE0(x) x
#  define QT_RCC_MANGLE_NAMESPACE1(a, b) a##_##b
#  define QT_RCC_MANGLE_NAMESPACE2(a, b) QT_RCC_MANGLE_NAMESPACE1(a,b)
#  define QT_RCC_MANGLE_NAMESPACE(name) QT_RCC_MANGLE_NAMESPACE2( \
        QT_RCC_MANGLE_NAMESPACE0(name), QT_RCC_MANGLE_NAMESPACE0(QT_NAMESPACE))
#else
#   define QT_RCC_PREPEND_NAMESPACE(name) name
#   define QT_RCC_MANGLE_NAMESPACE(name) name
#endif

#if defined(QT_INLINE_NAMESPACE)
inline namespace QT_NAMESPACE {
#elif defined(QT_NAMESPACE)
namespace QT_NAMESPACE {
#endif

bool qRegisterResourceData(int, const unsigned char *, const unsigned char *, const unsigned char *);
bool qUnregisterResourceData(int, const unsigned char *, const unsigned char *, const unsigned char *);

#ifdef QT_NAMESPACE
}
#endif

int QT_RCC_MANGLE_NAMESPACE(qInitResources_icons)();
int QT_RCC_MANGLE_NAMESPACE(qInitResources_icons)()
{
    int version = 3;
    QT_RCC_PREPEND_NAMESPACE(qRegisterResourceData)
        (version, qt_resource_struct, qt_resource_name, qt_resource_data);
    return 1;
}

int QT_RCC_MANGLE_NAMESPACE(qCleanupResources_icons)();
int QT_RCC_MANGLE_NAMESPACE(qCleanupResources_icons)()
{
    int version = 3;
    QT_RCC_PREPEND_NAMESPACE(qUnregisterResourceData)
       (version, qt_resource_struct, qt_resource_name, qt_resource_data);
    return 1;
}

#ifdef __clang__
#   pragma clang diagnostic push
#   pragma clang diagnostic ignored "-Wexit-time-destructors"
#endif

namespace {
   struct initializer {
       initializer() { QT_RCC_MANGLE_NAMESPACE(qInitResources_icons)(); }
       ~initializer() { QT_RCC_MANGLE_NAMESPACE(qCleanupResources_icons)(); }
   } dummy;
}

#ifdef __clang__
#   pragma clang diagnostic pop
#endif
